:020000041000EA
:10000000002008205D0100101B0100101D010010E0
:100010001101001011010010110100101101001058
:100020001901001019010010190100101F01001022
:10003000110100101901001021010010230100100E
:100040001101001011010010110100101101001028
:100050001101001011010010110100101101001018
:100060001101001011010010110100101101001008
:1000700011010010110100101101001011010010F8
:1000800011010010110100101101001011010010E8
:1000900011010010110100101101001011010010D8
:1000A00011010010110100101101001011010010C8
:1000B00011010010110100101101001011010010B8
:1000C00011010010110100101101001011010010A8
:1000D0001101001011010010110100101101001098
:1000E0001101001011010010110100101101001088
:1000F0001101001011010010110100101101001078
:100100001101001011010010110100101101001067
:10011000EFF30580103800BE00BE00BE00BE00BE7A
:1001200000BE00BEF2EB88711C22011040220110BB
:10013000A001001090A31AE7D3DEFFFF42012110B7
:10014000FF01000040410100793512AB4FF0000083
:100150001E49086006C881F3088810474FF05040D8
:10016000006810B14FF00000F2E70DA40ECC00299A
:1001700002D000F012F8F9E71549164A002000E015
:1001800001C19142FCD11449884714498847144958
:10019000884700BEFDE701C901C29A42FBD3704700
:1001A0004022011010010020482100207842011057
:1001B00000000820000008207842011000100820EC
:1001C00000100820000000007047000008ED00E06B
:1001D00048210020E03B0020799200108D020010A1
:1001E0003D920010F8B500BF064B0749C91A8910A7
:1001F00048BF0131491003D0044B0BB101481847E7
:10020000704700BF48210020482100200000000066
:1002100008B5054B1BB105490548AFF30080BDE8A3
:100220000840FFF7E1BF00BF00000000503B002086
:10023000C8E7001008B5042005F05EFD052005F0B4
:100240005BFD00221146042005F0B8FC0022114697
:10025000052005F0B3FC0B490B480DF0F9FB032119
:10026000042005F08FFC0321052005F08BFC002203
:100270000121042005F0A2FC00220121052005F047
:100280009DFC08BD801A0600D81B00202DE9F04F08
:100290002DED029B8FB009F005F90DF01BFC0CF061
:1002A000C7F979480CF0BAFC78480CF0B7FC7848EC
:1002B0000CF0B4FC40F6B83006F0DCFD07F07CF939
:1002C00068B1744809F0F2F80CF0D0FA054650B164
:1002D0004FF0FF300FB0BDEC029BBDE8F08F6E48D1
:1002E00009F0E4F8F0E76D4809F0E0F8FFF7A2FF45
:1002F0006B4809F0DBF80D230C220B210A2000F0DB
:10030000CFFC06E0E0B202F077F801340B2CF9DD07
:100310000135012D01D80124F8E7624809F0C6F83B
:10032000614D624CDFF8CC81CDF808804FF07F57EB
:1003300001975F4E00965F4B2A462146204601F00A
:10034000F7FC5D4B1860CDF80880019700965B4B79
:100350002A462146204601F0EBFC594B18605948CB
:1003600009F0A4F8002000F09DFA00F091FA02E0F4
:10037000322006F07FFD544B1B78002BF8D15348F8
:1003800009F094F8062302930723019308230093AE
:1003900009233F4A3C214E4800F06EFE05464D4879
:1003A00009F084F800F018FB4B4809F07FF80121B0
:1003B0004FF4FA7007F0D2F8484809F077F85EE099
:1003C000696AA86800F006FF002385F83830444BBE
:1003D0001C78E4B2384B1B68D869D3F82080384BBE
:1003E0001B68D3F81CB01E6A3E4B1B681A68116864
:1003F0000F6A5B68196891ED089AD2F81490D3F8E7
:1004000014A00EF079F9CDE90C01CDF82CA0CDF8AF
:10041000289019EE100A0EF06FF9CDE90801384660
:100420000EF06AF9CDE9060130460EF065F9CDE926
:10043000040158460EF060F9CDE9020140460EF085
:100440005BF9CDE90001DDE90C232146264809F0DE
:100450005DF8642006F00EFD244B1B685A68D2F844
:1004600090111A6852689B68D3F890311B895288A2
:1004700009891F4809F04AF8642006F0FBFC95F84A
:100480003830002B9CD1A2E70000205000003050F3
:1004900000004050C8E70010E0E70010F4E700104B
:1004A00004E8001028E800100AD7A33CCDCC4C3D4E
:1004B0000000C0BFD7A3B03F343B00206666A63F14
:1004C000A03B002048E80010381800205CE800102D
:1004D000D81B00207CE8001098E80010B4E8001059
:1004E000D83B002010370020C8E800100C3700204F
:1004F00068E900100AD7233CF0B585B007460C46E2
:1005000015461E4606F006FBFB174FEA431E4EEA51
:10051000D76E4FEA471CBCEB070C6EEB030E4FEA9D
:100520008E0E4EEA9C7E4FEA8C0C1CEB070C43EBC4
:100530000E03DB000296019500944FEACC0243EAD9
:100540005C7306F029FD05B0F0BD0000000000005E
:1005500038B52DED028B0546002408E055F824003F
:1005600001F0BAF82946204601F0DEF80134032CE8
:10057000F4DD284601F00CF908EE900AF0EEE87A76
:1005800017EE900A0EF0B8F804460D4600221A4BFA
:1005900007F090FA02460B4615A1D1E9000107F0D9
:1005A00075FA07F047FB08EE100AF5EEC08AF1EE87
:1005B00010FA18DD0022114B2046294607F07AFA7E
:1005C00007F038FB07EE900AB7EE087A28EE078AA4
:1005D0000B4B83ED008A67EE877A0A4BC3ED007AF6
:1005E000BDEC028B38BD0022074BE5E7AFF300807E
:1005F000666666666666D63F0000E03F0000F03F34
:10060000B03B0020B43B00200000F0BF10B5044612
:10061000006801F053F9606801F070FAA06801F019
:100620006DFA204601F094FA236993ED007AD3ED38
:10063000017AF7EE086A27EE267A044B83ED007AFA
:1006400067EEA67A024BC3ED007A10BDB03B0020E6
:10065000B43B002010B5044601F092FC23695B888E
:10066000A3F2DC5307EE903AF8EEE77A9FED206AAA
:1006700087EE867AA3685B88A3F2DC5307EE903A94
:10068000F8EEE77AC7EE866AB0EEC76ADFED197A50
:10069000B4EEE76AF1EE10FA01D59FED177AF0EEAD
:1006A000E67A9FED146AF4EEC67AF1EE10FA01D5FF
:1006B000DFED116AF7EE087A27EE276A0F4B83ED1C
:1006C000006A66EEA77A0E4BC3ED007AB5EE407A6B
:1006D000F1EE10FA0BD1F5EE406AF1EE10FA06D108
:1006E000084B1A6800231361074A1268136110BD92
:1006F0000000FA43CDCC4C3D00000000B03B002090
:10070000B43B0020343B0020A03B002070B52DED11
:10071000028B06F0F5FC04460E463F4D28686968DA
:10072000201A66EB010107F039FB07EE100ADFED36
:100730003B7A87EE278A2C606E60DFED397AB4EE63
:10074000E78AF1EE10FA52D4364B1B78002B29D1F0
:10075000354C23681B68186802F0CAF823685B6888
:10076000186802F0C5F8304D2B681B6818EE101A97
:10077000186802F055F904462B685B6818EE101AE9
:10078000186802F04DF9294B1D682C62284B1B6834
:100790001862244A1278052A39D8DFE802F00F16C9
:1007A00016162C16204C23681B68186802F000F9F6
:1007B00023685B68186802F0FBF8D4E71D4A1168EB
:1007C0000022CA611C490968CA611C49D1ED007A3E
:1007D0001B4A92ED007A77EE877AC5ED077AD1ED64
:1007E000007A92ED007A77EEC77AC3ED077A01209E
:1007F000BDEC028B70BD0F4A11680022CA610E4920
:100800000968CA610D490A600D490A60DDE7054AB9
:1008100000211170D9E700BF38230020002474495B
:1008200017B7D138D83B002010370020343B0020C8
:10083000A03B0020F8360020B83B0020B03B002051
:10084000B43B002010B506F049FE0D4B1B783BB9B8
:10085000002214460B4B1868037C63B1012010BDC5
:10086000094B186801F08AFA0446084B186801F031
:1008700085FA0246EEE7214600F0DAF9EEE700BF1E
:10088000D83B002010370020343B0020A03B002044
:1008900008B50BF0CDFE02480BF066FF08BD00BFA7
:1008A00009090010014B1870704700BFD83B0020A9
:1008B00008B50E2005F020FA0F2005F01DFA0022E1
:1008C00011460E2005F07AF9002211460F2005F09E
:1008D00075F90B490B480DF0BBF803210E2005F00C
:1008E00051F903210F2005F04DF9002201210E20BE
:1008F00005F064F9002201210F2005F05FF908BD21
:10090000801A0600D01B002070B5FFF7D1FF2948E0
:1009100000F06CFE0646284801F086F805460121E5
:10092000264801F001FB044606F0EAFB244BC3E92C
:100930000001244B002224496FF00900FFF7DCFD81
:10094000224808F0B3FD224B00221A7003E04FF456
:10095000967006F08FFA1F4B1B78052B25D801A245
:1009600052F823F04F0900107D090010850900108E
:1009700093090010A1090010570900103046FFF735
:10098000E7FDE8E72846FFF741FE0A2006F072FA85
:10099000E1E72046FFF75EFE012006F06BFADAE79A
:1009A0004FF4967006F066FAD5E70A4B00221A70EB
:1009B000D1E700BF00003050D01B002000000740EE
:1009C00038230020402300200D07001080E900108C
:1009D00038180020D83B002008B5044B00220449F9
:1009E0006FF00900FFF788FD08BD00BF4821002017
:1009F0004508001000EB80008000084B03441046BF
:100A000041B11004064A19684840024003F580537A
:100A10001A6070474FF6FF72F5E700BF0C800A407E
:100A20000000FFFF08B503460A461F2806D8C0F39A
:100A3000420003F00101FFF7DDFF08BDC0F34100F4
:100A40000830F6E72DE9F04780460F46242007F0EE
:100A50009FFA064600285FD0002343610023C3614C
:100A60000421404605F08EF80421384605F08AF846
:100A7000B8F11F0F54D8C8F342021F2F54D8C7F340
:100A800042032B4902EB820501EB850510246C60C3
:100A90004EF65F20286102EB8205AD0005F180452E
:100AA00005F52829D9F800C06FEA0C0C0CF0010CF0
:100AB00005F52925C5F800C003EB830C01EB8C017B
:100AC0004C6008616446A40004F1804404F5282ABF
:100AD000DAF80010C94301F0010104F5292421606E
:100AE000C6F80480B760F260336100214046FFF72A
:100AF00099FF00213846FFF795FFD9F80030DB4316
:100B000003F002032B60DAF80030DB4303F002034A
:100B100023603046BDE8F087064808F0C7FCF8E7D8
:100B2000C8F341020832A8E7C7F341030833A8E736
:100B300000800A4094E9001038B50446042140685A
:100B400005F020F80421A06805F01CF8E368214AAC
:100B500003EB830302EB830310215960E36803EB8B
:100B6000830302EB83034EF65F201861E36803EB17
:100B700083039B0003F1804303F528252D68ED4393
:100B800005F0010503F529231D60236903EB8303A9
:100B900002EB83035960236903EB830302EB8302B7
:100BA0001061236903EB83039B0003F1804303F58A
:100BB00028221268D24302F0010203F529231A60A9
:100BC00000216068FFF72EFF0021A068FFF72AFFD1
:100BD00038BD00BF00800A4038B5044681EAE173A1
:100BE000A3EBE1731D464EF65F22934200D91546F2
:100BF00000290ADC002911DB00216068FFF712FFE1
:100C00000021A068FFF70EFF07E0A9B26068FFF7B8
:100C100009FF0021A068FFF705FF38BD00216068CB
:100C2000FFF700FFA9B2A068FFF7FCFEF5E70000A0
:100C300038B52DED028B044608EE901A08EE102A06
:100C4000037C042B22D0F7EE086AC8EEA67A9FED4B
:100C5000137A67EE877AFDEEE77A17EE901AC8EE00
:100C6000267A67EE877AFDEEE77A17EE905A2368C8
:100C700059616368C3ED057A2068FFF7ADFF294627
:100C80006068FFF7A9FFBDEC028B38BD0068FFF775
:100C900053FF6068FFF750FFD5E700BF005F6A476A
:100CA0002DE9F0410546884616461F46142007F0F8
:100CB0006FF90446002833D041462846FFF7C2FEAC
:100CC000054639463046FFF7BDFE256060600021CD
:100CD0001A2001F04DFE286023681B68124A9A60B2
:100CE000656801211B2001F043FE286063681B68D2
:100CF0000E4A9A600023A360E36023740C4B1C60CF
:100D000023680C4A12681A6263680B4A12681A62F6
:100D100000210A462046FFF78BFF2046BDE8F08100
:100D2000064808F0C3FBF8E7D81B0020D01B0020C2
:100D300010370020343B0020A03B0020B4E9001015
:100D400007EE101ADFED137A37EE277AFCEEC77A3A
:100D500017EE903A9BB2B3B182B007EE903AF8EE3C
:100D6000677A37EE677ADFED0C7A27EE277AFCEEAA
:100D7000C77ACDED017A9DF804201B0443EA0223D3
:100D8000036002B0704700221B0443EA02230360A1
:100D9000704700BF0000003B00008043002202605B
:100DA00042608260C2604FF4803202604FF4F832D9
:100DB00042604FF4802282604FF44022826070478C
:100DC00038B505460C46FFF7E9FF621C06346B6830
:100DD0006FF3D01343EAC21343EA04336B6028462F
:100DE00038BD00002DE9F04385B005460F4690461A
:100DF0001E4611466846FFF7E3FF1D496846FFF7A8
:100E00009FFF039C24F47874730103F478731C43EC
:100E1000039424F0E05C4CF0806303932CF478237B
:100E200043F08063F20302F4782213430393019B9F
:100E300023F0F853320602F0F8521343019305F100
:100E40002F4101F56001C1F307510631C9B23046A7
:100E500004F098FE6B464246394628460BF0FAFEEF
:100E60002B680122BA4013432B6005B0BDE8F08324
:100E70000000C842714B1B68002B00F0DD80F0B50C
:100E800085B06F4B1F6B002416E0736A5A68002A06
:100E900005DD1A68092A02DC5A68013A5A60012302
:100EA000AB40674A1363654B1A68012382F83830F8
:100EB000AB40634A13630134032C00F3BB805F4BE8
:100EC0001E6804F10A0356F823500123AB403B424D
:100ED000F1D05C4B0FCB0DF1100C0CE90F000CEBBB
:100EE000840353F8103C063B032BDCD801A252F8D4
:100EF00023F000BFDD0F0010230F0010050F0010BE
:100F00008B0E0010736A5A68022A05DC1A68092AD7
:100F100002DC5A6801325A600123AB40484A13632D
:100F2000C1E7736A1A6852B95A6801321A60736A63
:100F300000225A600123AB40414A1363B3E71A68A9
:100F4000032A01DC5A6882B11A68032A02DC5A6853
:100F5000012A1BD01A68042A1DD01A68042A32D02C
:100F60001A68042A9FD15B689DE71A680A321A60E2
:100F7000736A1868C0B20A38C0B2FFF793FC2F4BEF
:100F80001B685B6A4FF0FF325A608CE700221A60E0
:100F9000736A5A6087E75A68002ADED115221A6000
:100FA000736A00225A60284E3368986901F062F92A
:100FB0003368187728B11622204B1B685B6A1A60C9
:100FC00071E71722F8E75A68012AC9D119221A6075
:100FD000736A00225A6001F083F864E7736A1A6842
:100FE000092A04DC00221A60736A5A605BE71A68F7
:100FF000132A12DD1A68162A09D01A68172A06D091
:101000001A681C2A03D01A681D2A7FF44CAF0422E8
:101010001A60736A00225A6045E70020FFF742FC1D
:10102000064B1A68516A0B680A3B0B60536A002230
:101030005A6038E705B0F0BD704700BF2037002088
:1010400000004050400001101C37002010B508205F
:1010500006F09EFF044630B1002303604360044B5A
:101060001860204610BD034808F020FAF9E700BFD9
:1010700018370020D8E900102DE9F04387B08046EA
:101080000F46154699463C2006F082FF0446142080
:1010900006F07EFF002C3DD0064600283ED0C4F866
:1010A00000806760A060E560C4F814900E9BA361A7
:1010B0000F9BE361109B2362CDF80080FBB24022BE
:1010C000802101F07FFAFF21304601F0FDFAA0688F
:1010D00001F005FBA068364B009301230C221D2173
:1010E00001F0ACFBA068334B009301231822402190
:1010F00001F0A4FBA068304B009301232B221F2199
:1011000001F09CFBA06801F0A5FBFFF79FFF606268
:1011100000230FE0294808F0C9F945E0284808F005
:10112000C5F9344640E02A680121994022EA0102CB
:101130002A600133032BF6DD28460BF06FFD2149B1
:1011400028460BF029FD20611F49132004F088FF79
:101150000121132004F04AFF002621E00121284646
:101160000BF0FEFC074606F10A0844F82800174B6E
:101170000FCB0DF1180C0CE90F000CEB860353F8A4
:10118000103C226939462846FFF72CFE14F8283017
:101190000833DBB201229A4005F505531A63013684
:1011A000032EDBDD0A4B1C60204607B0BDE8F08350
:1011B00044EA001054EA001058EA0010F8E9001060
:1011C00020EA001028000110750E001040000110E8
:1011D0002037002030B583B004460D4601F07FFA79
:1011E0002B68092B22DD2B681D2B54D8DFE813F068
:1011F0002B00580069007A008B0053005300530005
:10120000530053005300A400AD00B6005300530038
:1012100053005300530053005300BF00C800D900CF
:101220005300EA00F3000401150126016A6802EB8D
:10123000820252008A4B009301230F320021204684
:1012400001F0FCFACFE7874B009301230022242111
:10125000204601F0F3FA844B009301230F220C2166
:10126000204601F0EBFA814B0093012319220C2157
:10127000204601F0E3FA7E4B0093012323220C2148
:10128000204601F0DBFA7B4B009301232D220C2139
:10129000204601F0D3FA204601F0DCFA03B030BD5D
:1012A000754B0093012300220821204601F0C6FA65
:1012B000724B009301230F220C21204601F0BEFA4D
:1012C000E9E76F4B0093012300220821204601F03B
:1012D000B5FA6A4B009301230F220C21204601F03E
:1012E000ADFAD8E7674B009301230022082120467E
:1012F00001F0A4FA614B009301230F220C21204638
:1013000001F09CFAC7E7604B0093012300220821FB
:10131000204601F093FA5D4B009301230F220C212C
:10132000204601F08BFA5A4B0093012319220C211D
:10133000204601F083FAAEE7564B009301230022CA
:101340000821204601F07AFAA5E7534B00930123C8
:1013500000220821204601F071FA9CE74F4B0093D0
:10136000012300220821204601F068FA93E74C4B44
:101370000093012319220821204601F05FFA8AE731
:10138000484B009301230F220821204601F056FA12
:10139000454B0093012319220D21204601F04EFAFE
:1013A00079E7404B009301230F220821204601F0EA
:1013B00045FA3E4B0093012319220D21204601F0EE
:1013C0003DFA68E73A4B0093012319220821204691
:1013D00001F034FA5FE7374B009301230F22082115
:1013E000204601F02BFA344B0093012319220D21E2
:1013F000204601F023FA4EE72E4B009301230F22E3
:101400000821204601F01AFA2C4B009301231922DF
:101410000D21204601F012FA3DE7294B00930123EC
:101420000F220821204601F009FA1F4B00930123E7
:1014300019220D21204601F001FA2CE7204B0093E0
:1014400001230F220821204601F0F8F9174B0093E1
:10145000012319220D21204601F0F0F91BE700BFFE
:1014600068EA00106CEA001078EA001088EA0010C0
:1014700098EA0010A8EA0010B0EA0010C4EA0010D0
:10148000C8EA0010DCEA0010F0EA0010FCEA0010E4
:1014900010EB001020EB001034EB001044EB0010B8
:1014A00058EB001070EB001084EB001090EB001074
:1014B00098EB0010B0EB0010C4EB0010CCEB001068
:1014C000D4EB00100022026042608260C2604FF4E0
:1014D000803202604FF4F83242604FF48022826022
:1014E0004FF440228260704738B505460C46FFF73E
:1014F000E9FF621C10346B686FF3D01343EAC21328
:1015000043EA04336B60284638BD2DE9F04385B0CB
:1015100006460F4690461D4611466846FFF7E4FF13
:10152000039C24F478746B0103F478731C430394D4
:1015300024F0E05C4CF0806303932CF4782343F0B8
:101540008063EA0302F4782213430393019B23F0A0
:10155000F8532A0602F0F8521343019306F12F4183
:1015600001F56001C1F307510631C9B2284604F004
:1015700009FB00221146284604F020FB6B46424638
:10158000394630460BF066FB33680122BA401343FC
:10159000336005B0BDE8F083F8B507460C46164643
:1015A000142006F0F5FC0546F0B107604460012107
:1015B00020460BF0D5FA0146A8602B6832466868D1
:1015C000FFF7A3FF6C68A868626800F110010123AF
:1015D0008B401A42F8D104304AF6C87344F82030E0
:1015E0000023EB6000232B612846F8BD70B58CB05A
:1015F0000646242006F0CCFC044658B1242006F010
:10160000C7FC054650B100232377A0612661002264
:1016100022620FE02B4807F049FF4FE02A4807F00D
:1016200045FF2C464AE032680121994022EA010236
:1016300032600133032BF6DD30460BF0EFFA23491D
:1016400030460BF0A9FA6061002510E0204B0FCB6B
:101650000DF1300C0CE90F000CEB8503626931468B
:1016600053F8100CFFF798FF44F825000135032DBF
:10167000ECDD174D04AE05F110030FCB86E80F002B
:1016800005F120030FCB8DE80F0001232377002302
:1016900010E0A2690CA901EB830151F8200C02EBC8
:1016A00083025060A26951F8301C181D02EB8002C1
:1016B00051600133032BECDD064B1C6020460CB05F
:1016C00070BD00BFE8EB001014EC001060000110CA
:1016D0008C0001101C37002010B4436884685968DE
:1016E00004F108024FF0010C0CFA02FC11EA0C01A3
:1016F00005D0C0680FE004F1080253F822105A68C0
:101700001CEA020FF7D04B1E13F1030F06D94AF65D
:10171000C873C360C0685DF8044B7047C1F52F41C2
:10172000C831C160F6E70000032827DC30B40B7F26
:1017300003B38B6903EB80025468021D03EB820341
:101740005A6851F82050EB689C4219D29A421AD933
:101750001B1B07EE903AF8EE677A121B07EE102A71
:10176000B8EE477AC7EE876AC5ED046A51F82030B3
:10177000186906E0054A41F65834E2E70020704750
:10178000002030BC70474FF07E50FAE7B0710B007C
:1017900000231A469FED127A0FE050F82310D1ED86
:1017A000046A104901EB8301D1ED007A67EEA67A55
:1017B00037EE277A0132D2B20133032BEDDD6AB165
:1017C000DFED097A27EE277AD0ED087ADFED076A98
:1017D00067EEA67A37EE277A80ED087A006A7047BE
:1017E00000000000500001109A99993E3333333FB6
:1017F0002DE9F04182B004460F46142006F0C8FBE4
:101800000546002845D00A2006F0C2FB8046002885
:1018100043D04FF0010343EC4070052005F02AFB54
:101820000DF10701292001F093FB0221292001F08D
:1018300080FC9DF80730002BF2D0292C32D12046B5
:1018400001F0D2F906460121204601F0DFFA56FAEE
:1018500080F6F6B26421204601F05EFA56FA80F670
:10186000F6B26421204601F04BFB56FA80F6F6B240
:10187000204601F091F956FA80F088F800002C72A9
:10188000C5F8048000232B70EF60284602B0BDE845
:10189000F081084807F00AFEF7E7074807F006FE60
:1018A0004546F2E7610001F0FE01292001F054F9FC
:1018B000C5E700BF50EC001080EC001010B50446E6
:1018C0004168007A01F04AFB237853FA80F02070D7
:1018D000626813783BB95388B3F57A6F03D8B3F5D0
:1018E000FA7F00D223615388013B9BB240F213512F
:1018F0008B4201D923695380207A01F033F9237890
:1019000053FA80F0207010BD70B584B00E461546B5
:101910004FF4CE7006F03CFB044600286AD01C2031
:1019200006F036FB002878D0C4F890012670656078
:101930002923A4F88C312370394BC4F888314FF037
:10194000010343EC40500A2005F094FA04F1080525
:10195000284601F08DFE84F89401292E4DD12846A9
:1019600002F07EFA94F8943153FA80F084F89401EE
:101970000DF10E020DF10F01284601F079FF94F8E8
:10198000943153FA80F084F894010DF1070202A912
:10199000284602F061FB94F8943153FA80F084F801
:1019A00094010121284601F0D5FB94F8943153FAB3
:1019B00080F084F894014FF480420121284601F020
:1019C0004CFD94F8943153FA80F084F89401154951
:1019D000284601F0E1FB94F8943153FA80F084F842
:1019E0009401284602F0B8F894F8943153FA80F044
:1019F00084F89401204604B070BD710001F0FE012E
:101A0000284601F0A0FB94F8943153FA80F084F852
:101A10009401A4F88C612670A1E70446EAE700BFB0
:101A2000D01B0020A08601002DE9F0418AB080463D
:101A3000142006F0ADFA074668B10C2006F0A8FAAB
:101A4000044660B1C7F80C800023036043600025A2
:101A5000057238612CE0244807F028FD40E0234857
:101A600007F024FD27463BE0214C01AB94E807003A
:101A700083E807000AAB03EB850656F8240C04F054
:101A80003BF904AB94E8070083E8070056F8183CDC
:101A90004FF0010242EC443094E807000AAB03E93E
:101AA000070056F80C3C4FF0000242EC4030013584
:101AB000022DD9DD0F4801F0ADFA11210846FFF7DC
:101AC00097FE3860102212214046FFF71DFF786014
:101AD000162213214046FFF717FFB860064B1F6020
:101AE00038460AB0BDE8F081B8EC0010E4EC001014
:101AF000BC000110D01B00200C37002038B5044674
:101B000000F10805D0F89011284601F0B7FE84F8DE
:101B10009401D4F89021137E43B91389B3F5FA6F79
:101B200004D8B3F5967F01D2C4F898311389013BEC
:101B30009BB240F213518B4202D9D4F898311381F1
:101B40000421284602F0A2F838BD00000000000081
:101B50002DE9F0472DED028B044603685B685F8832
:101B60004368D3F890311E89143EB6B28368D3F827
:101B700090311D89193DADB24FF6FF739F4200F0C1
:101B8000838001234FF6FF72964201D00133DBB20E
:101B90004FF6FF72954201D00133DBB2002B75D0B6
:101BA000642F7DD92369564A1A6007EE906AB8EE11
:101BB000677ADFED547A87FE677A06EE905AB8EEC0
:101BC000668A88FE678A38EE478A88EE277AF0EEC2
:101BD000C77A17EE900A0CF08FFD45A3D3E90023D6
:101BE00005F068FFB5EEC08AF1EE10FA6DDD002257
:101BF000454B05F05FFF06F01DF807EE900AF0EE8A
:101C0000E76A9FED427AF4EEC76AF1EE10FA5FDD03
:101C100023695860D4F810A0DAF800000CF06CFDCD
:101C200080468946DAED017AF0EEE77A17EE900AFF
:101C30000CF062FD02460B460020354905F026FFF8
:101C400002460B464046494605F034FF05F0F2FFD8
:101C5000CAF80000132F41D8236901221A722369A0
:101C60002C4A1A602C4BD3ED007AF5EE407AF1EE57
:101C700010FA04D1AE422FD9284A274B1A602369A3
:101C8000254A12685A6007E000237BE72369244A4B
:101C90001A60236900225A60BDEC028BBDE8F08710
:101CA000384605F0D5FF00221E4B05F029FF05F050
:101CB00075FFD4F8108010A3D3E9002305F0FAFED5
:101CC00005F0B8FFC8F800006FE70022164B90E758
:101CD000236900225A60BDE7144ACEE7462FDBD9BC
:101CE000236900221A720C4B00221A60D4E700BF4D
:101CF0009A9999999999C93F666666666666D63FCC
:101D00003333B33E0000C8420000F03F0AD7A33C83
:101D10000000E83F000080BE3C3B00206666E6BE57
:101D2000CDCC4C3E000059400000F0BF6666E63E58
:101D30002DE9F04180460F4616461D46302006F03C
:101D400027F9044698B1C0F8008047608660C560F6
:101D50000023036143618361C3610362069B4362A5
:101D6000079B8362089BC3622046BDE8F08102485E
:101D700007F09CFBF8E700BF14ED00102DE9D043FD
:101D80002DED068B0446D0ED088AD0ED079A39EE8A
:101D9000E89A90ED008A28EE098A00690CF0ACFC04
:101DA00006460F46D4ED057A77EE897A17EE900A4B
:101DB0000CF0A2FC0022314B05F07CFE80468946E7
:101DC00094ED0BAA1AEE100A0CF096FC02460B4694
:101DD0004046494605F06EFE02460B4630463946FF
:101DE00005F040FE05F026FF2061D4ED016AD4ED38
:101DF000047A66EEA77A94ED0A7AB4EEE77AF1EE09
:101E000010FA2FD587EE266A84ED046AD4ED026AB3
:101E100094ED066A38EEC66A66EEC66A86EE8A6A8F
:101E2000D4ED036A66EEA96A78EE277A77EE867AB1
:101E300077EEA67A84ED059AC4ED068AB4EEE77AC9
:101E4000F1EE10FA08D494ED097AB4EEE77AF1EEE7
:101E500010FA01DCB0EE677A17EE100ABDEC068BC3
:101E6000BDE8D08394ED096AB4EEE76AF1EE10FAAA
:101E7000CCDDC6EE265AC4ED045AC7E70000E03FA9
:101E800010B483B000210DF1070209E0836913F05B
:101E9000100FFBD10468134603F8014B01311A46B9
:101EA0000029F3D09DF8070003B05DF8044B70479C
:101EB00038B50546042006F06BF8044650B10570AD
:101EC0004FF6FF734380052D0AD8DFE805F00713AE
:101ED00016191C1F134807F0E9FA21E0002343708C
:101EE0006378012B15D0022B17D0CBB940F2DC530D
:101EF000638015E000234370F2E700234370EFE7AF
:101F000000234370ECE701234370E9E701234370AA
:101F1000E6E740F2DC53638002E04FF47A736380BB
:101F2000204638BD3CED001070B504460E4620201A
:101F300006F02EF8054660B1046046604FF4E131CA
:101F4000204605F079F90221012003F01BFE002450
:101F50000BE0094807F0AAFA0BE02046FFF7A8FFBC
:101F6000A31C45F823000134E4B2052CF5D9034B3A
:101F70001D60284670BD00BF64ED001014370020BE
:101F800030B589B0044600221546402D0BD0202ADA
:101F900009D02068836913F0100FF6D1FFF770FFA6
:101FA0002A460546F1E71E22002168460CF0C4F8D7
:101FB00022680021684609E0936913F0100FFBD1F5
:101FC0001568034603F8015B013118461D29F3D952
:101FD00000234FF69F7207E003F12001694411F8D6
:101FE000201C521A92B201331B2BF5DD9DF81C30D8
:101FF0009DF81D1043EA01239A421FD009B030BD5D
:102000004FF4FA63911C54F821104B800132052AD9
:10201000F4DC530003F12101694411F8201C203342
:102020006B4413F8203C43EA0123B3F5FA6FE7D879
:10203000B3F57A7FE6D24FF47A73E3E70022E6E75E
:1020400030B5C3B004464FF47A724FF4C0111B4848
:1020500005F0AAFB10B1002043B030BD02AD4FF433
:102060008072002128460CF067F8A446AE46203462
:102070007546DCF80000DCF80410DCF80820DCF819
:102080000C300FC50CF1100CAE46A445F0D1DCF8B5
:102090000000286069464FF4C013009302AB01931F
:1020A0004FF47A72064805F07FFB002804D8DFE879
:1020B00000F001000120CFE70020CDE7D52000107F
:1020C000C520001008B54FF48072416800680CF01C
:1020D000FFFA08BD08B54FF480510CF01DFB08BD98
:1020E00070B58AB0242005F053FF40B105465A4B25
:1020F00003605A4B1B681A221A60002608E05848F1
:1021000007F0D4F9A4E001269EB9322004F0B2FE13
:102110007EB90024032CF6D8524B1B6853F82400D8
:10212000FFF7DAFA46F2A8139842EDD80134E4B288
:10213000F0E70026069607960896099612E0494BA6
:102140001B6853F82400FFF7C7FA0AAB03EB8402BD
:1021500052F8103C034442F8103C0134E4B2032C22
:10216000EDD901360F2E01DC0024F8E700230AE048
:102170000AAA02EB830252F8102C120905EB830124
:102180004A600133DBB2032BF2D92B690093EB6871
:10219000AA686968344807F0B9F9304B1B681B22FC
:1021A0001A60002604E0012696B9322004F062FE8F
:1021B00076B90024032CF6D82A4B1B6853F8240068
:1021C000FFF78AFA294B9842EED90134E4B2F1E7DD
:1021D0000026029603960496059612E0214B1B6892
:1021E00053F82400FFF778FA0AAB03EB840252F8A5
:1021F000203C034442F8203C0134E4B2032CEDD9E6
:1022000001360F2E01DC0024F8E700230BE00AAAB8
:1022100002EB830252F8201C09091A1D05EB820209
:1022200051600133DBB2032BF1D92B6A0093EB69C8
:10223000AA6969690E4807F069F92846FFF700FFA7
:1022400040B11C22054B1B681A60284605F0CEFEE3
:102250000AB070BD1D22F5E77856341218370020F9
:1022600084ED00101C370020B0ED00109F860100A7
:10227000E0ED0010154B1A6803F1077303F5AC434A
:1022800078339A4201D000207047F0B50546002609
:10229000032E19D80D4CAC4604F12007A646BEE823
:1022A0000F00CCF80000CCF80410CCF80820CCF8D3
:1022B0000C3074460CF1100CBE45EFD1DEF8000076
:1022C000CCF800000136E3E70120F0BD0000181053
:1022D00070B5064608460CF00FFA09A3D3E90023AF
:1022E00005F0E8FB04460D46304605F0B1FC024619
:1022F0000B462046294605F003FC05F0DFFC70BDC7
:1023000000000000389C8C41F8B51646192855D9B4
:1023100005460C4607EE900AB8EEE77ADFED327A12
:1023200067EE277A17EE900A0CF0E6F902460B46A4
:1023300029A1D1E9000105F0E3FB00222B4B05F0B8
:10234000A5FB05F0BBFC87B2F36803EB83039B009E
:1023500003F1804303F528231F61592D1BD8F5682D
:1023600004FB07F005F074FC1DA3D3E9002305F07E
:10237000A1FB00221E4B05F0C3FB05F09FFC80B2C1
:1023800040EA074005EB85039B0003F1804303F51A
:102390002823D8601CE0F36804FB07F0154A82FB91
:1023A0000020C0F34F1040EA074003EB83039B007B
:1023B00003F1804303F52823D86009E0D36803EBD9
:1023C00083039B0003F1804303F528230022DA6096
:1023D000F8BD00BFAFF3008000000000A3E1A14101
:1023E0007B14AE47E17AF03F0000C8420000F03FA6
:1023F000000059401F85EB510B2800F2A6802DE903
:10240000F04F89B0514B01221A70514BD3F8008024
:10241000042388F81030C0EBC0000DEB03054D4CD1
:1024200004EB80040FCC0FC594E8070085E8070093
:1024300002999DF80400FFF74BFF044607EE900A4F
:10244000F8EE677A9DED067A67EE877AFCEEE77A1A
:1024500017EE906A17EE100A0CF04EF902460B4682
:1024600000203D4905F012FB82468B46204605F0D0
:1024700001FC52465B4605F01DFB05F01FFC0746BC
:10248000D8F80030DB68354A03EB830302EB8303A3
:102490004FF4C8615960D8F80430DB6803EB83035C
:1024A00002EB8302516000243CE0DDF80C90DDF883
:1024B000108038F8142039F81410294807F026F84D
:1024C000234D2B6839F81400800080B21A684E2121
:1024D000FFF71AFF2B6838F81400800080B25A68A2
:1024E0005421FFF711FFDDF8149019F804004FF0A4
:1024F0000008B6FBF0F0414604F0AAFC2B681A680D
:1025000064214046FFF700FF2B685A68642140466B
:10251000FFF7FAFE19F80400B7FBF0F0414604F0AB
:1025200097FC0134BDF81C30A342BEDC084C236884
:102530001868FEF701FB23685868FEF7FDFA236868
:1025400000221A7409B0BDE8F08F7047D83B002014
:1025500010370020C80001100000F03F00800A4042
:1025600010EE001010B582B0002400940BF09AFA1F
:1025700010F1020F08D0B0F1FF3F03D104990548D4
:1025800006F0C4FF02B010BD0499034806F0BEFF78
:10259000F8E700BF28EE001048EE001000B585B047
:1025A00000238DF80C308DF80D10054B009302239D
:1025B00003AAC1784068FFF7D5FF05B05DF804FBBA
:1025C00058EE0010F0B589B005460E461446CAB262
:1025D0000270E7B24770C4F3C700A870EB700E9B9F
:1025E0006B6002FB00F02861013005F0D1FCE8606F
:1025F000002853D00130E860AE238DF80430D52395
:102600008DF8053080238DF80630A8238DF807302B
:10261000013F8DF80870D3238DF8093000238DF821
:102620000A3040238DF80B308D238DF80C302B7A37
:10263000B3B310228DF80D20A1228DF80E20C822F0
:102640008DF80F20DA228DF81020B6EB440F29DD2B
:1026500002228DF8112081228DF81220FF228DF8A0
:102660001320D9228DF81420F3B122238DF81530D0
:10267000DB238DF8163030238DF81730A4238DF826
:102680001830A6238DF81930AF238DF81A30202387
:102690008DF81B3000248DF81C4010E0286111E0FB
:1026A0001422C7E71222D4E7F123DFE704F1200365
:1026B0006B4413F81C1C2846FFF770FF0134182CDC
:1026C000F4D9012009B0F0BD38B504460D4681218A
:1026D000FFF764FF29462046FFF760FF38BD08B5C5
:1026E00002690021C0680BF027FD08BD03788B420A
:1026F00013D990F801C094450FD910B4C468D0081C
:1027000003FB0011635C02F00702012000FA02F2F1
:10271000134363545DF8044B704770472DE9F0474D
:102720008146884617469A46089E002509E0E21928
:1027300005EB08014846FFF7D9FF0134B442F6D350
:102740000135554501D20024F8E7BDE8F0872DE9B1
:10275000F04F87B0804692461E4610989DF8442060
:10276000C378934248D889460379934244D3037887
:1027700013F0070B18BF4FF0010B0BEBD3030393C0
:1027800000252C46CDF808800592024621E0013450
:1027900064B27F08072C0EDC17F0010FF7D004EBB2
:1027A000C8020096334606FB02A206FB0B91029874
:1027B000FFF7B4FFEBE7013508F10108039B9845EB
:1027C00003D2109B5F5D0024E4E7049C109A01345F
:1027D000E4B25378A3420FD9D1780598411AA346A1
:1027E00003FB0141039B03FB01F105310025049428
:1027F000A8460D461092E1E707B0BDE8F08F2DE93D
:10280000F04383B0814690461F460A9E0B9D0C46BE
:102810000EE00135019300963B464246214648466C
:10282000FFF795FF96F801C0B3789C4407FB0C4472
:102830002B78002BEDD103B0BDE8F08310B582B04A
:10284000049C0194024C0094FFF7D9FF02B010BD24
:102850004016011030B585B0054621238DF80830AB
:1028600000228DF809200378591E8DF80A102221C4
:102870008DF80B108DF80C208278013A8DF80D2020
:10288000402B01D000240FE020228DF809201F33B7
:102890008DF80A30F6E704F110036B4413F8081CB6
:1028A0002846FFF77BFE0134052CF4D9EB68402263
:1028B00003F8012CEA682B69044900910133013ABD
:1028C000E9786868FFF74EFE05B030BD68EE00108D
:1028D00010B504461F2103F055F900221146204689
:1028E00003F06CF90021204603F0F2F910BD00005E
:1028F00084460279194B1B6883EA023303F4704360
:10290000174A1360002211460CE0164B0420186091
:10291000124B1B6813F4807FFAD0104B5B6811FADE
:1029200083F10132072AF0DDC90807EE901AF8EEAC
:10293000677ABCEEE77A17EE103AACF80E30DCF8A6
:102940001430CCF810309FED087A67EE877ADFED0F
:10295000076A87EEA67A8CED057A704700000A4078
:1029600000100A4000200A400000B44300F07F45F8
:1029700070B505460E46242005F00AFB044688B1D2
:102980002846FFF7A5FF25601A3D25712673002311
:1029900063612361A361E36123622046FFF7A8FF1F
:1029A000204670BD014806F081FDF9E778EE001081
:1029B00010B584B004460E238DF80F300123009328
:1029C0000DF10F02362180680BF06CF8B0F1FF3F7B
:1029D00001D104B010BD00230093022303AA3621C5
:1029E000A0680BF06BF89DF80C209DF80D3043EAC1
:1029F000022307EE903A63692361F8EEE77A9FEDD0
:102A0000057A67EE877ADFED046A87EEA67A84EDB1
:102A1000057ADEE70000B44300F07F4500000000C7
:102A2000D0B52DED028B044607EE901A90ED058A85
:102A300090ED047A38EE478A9FED3D7AB4EEC78A6E
:102A4000F1EE10FA5DDD9FED3B7A38EE478A9FED9F
:102A50003A7A27EE877AF0EEC86AF4EEC76AF1EEAA
:102A600010FA5ADC237B0BB1B1EE488ADFED316AF4
:102A700088EE267AC7EE278A18EE900A0BF03CFE05
:102A800027A3D3E9002305F079F908B1DFED2B8AFC
:102A900018EE900A0BF030FE23A3D3E9002305F0D3
:102AA00031F908B1DFED268AA0690BF025FE064654
:102AB0000F4618EE100A0BF01FFE0022214B05F006
:102AC0001FF80022204B04F0F5FF02460B4630466B
:102AD000394604F0C7FF05F0ADF8A061DFED1B7AC1
:102AE00068EEA78AD4ED087A9FED197A67EE877AA7
:102AF00078EEA77A17EE900AC4ED087ABDEC028B47
:102B0000D0BD9FED147AB4EEC78AF1EE10FA9ED5CF
:102B10009FED087A38EE078A99E7206AEEE700BF52
:102B2000999999999999FB3F999999999999FBBF85
:102B3000000034430000B44300804A44CDCCDC3F65
:102B4000CDCCDCBF0080764000002140CDCCCC3D18
:102B50006666663F000034C308B54A08012100F0EC
:102B6000B1FA08BD08B50122862100F0ABFA08BD14
:102B700010B582B00C460DF10702302100F09DFA2D
:102B80009DF8073003F010038DF80730B3FA83F394
:102B90005B09237002B010BD08B54022872100F008
:102BA00091FA08BD08B50022872100F08BFA08BD14
:102BB00030B583B004460D460DF10601FFF7D8FF8E
:102BC0000DF107023121204600F077FA50B99DF847
:102BD00007209DF8063002F00102934214BF002343
:102BE00001232B7003B030BD30B583B005462D24D2
:102BF00009E0A4F12D03144AD25C2146284600F0D6
:102C000061FA0134E4B2872CF3D92846FFF7C4FFF8
:102C10000DF107012846FFF7CBFF9DF80730002B89
:102C2000F6D02846FFF79EFF2846FFF7BBFF092294
:102C30000821284600F046FA00220B21284600F021
:102C400041FA03B030BD00BF2018011010B582B0AA
:102C50000C460DF106025E2100F024FABDF80630A4
:102C6000B3F5D77F36D016D8512B08D00AD81D2BF4
:102C700003D10F23238002B010BD1E2B30D11423AB
:102C80002380F8E7AD2B25D0D62B01D0602B27D1A0
:102C900021232380EFE740F2E13293421DD00DD88B
:102CA00040F2D922934218D040F2E122934202D05E
:102CB000B3F5E67F14D164232380DCE740F28F4232
:102CC000934203D040F29152934209D14FF4FA73E8
:102CD0002380D0E732232380CDE7C8232380CAE7AF
:102CE000002323800120C6E710B582B00C460DF109
:102CF00007024B2100F0E1F99DF80730142B05D0B5
:102D00000A2B06D00023238002B010BD01232380AC
:102D1000FAE702232380F7E770B582B006460D4636
:102D20000DF10601FFF7E0FF00286BD10446BDF866
:102D30000630012B0BD0642D46D026D8212D48D04B
:102D4000322D49D0142D1ED122251E224BE0322DCA
:102D500025D00AD8142D27D0212D28D00F2D02D10F
:102D600027251D223FE001204AE0C82D22D0B5F5DD
:102D7000FA7F24D0642D04D14FF4627540F2E12231
:102D800031E001203CE001203AE0C82D27D0B5F524
:102D9000FA7F39D140F2A44540F28F4223E04FF44C
:102DA000F4754FF4D7721EE06E2551221BE06E259C
:102DB000D62218E040F2964540F2E13213E040F2AC
:102DC000C15540F291520EE04FF4F5754FF4E672A2
:102DD00009E06E25602206E0C625AD2203E04FF42F
:102DE0003E7540F2D9226121304600F077F9044364
:102DF00064B22A466121304600F070F9204340B2A7
:102E000002B070BD0120FBE70120F9E770B582B088
:102E100005460E460DF10601FFF718FF00286CD19C
:102E20000446012E04D0022E32D04FF0FF342CE0A5
:102E300014224B21284600F045F9044364B20722CE
:102E40006021284600F03EF9044364B20522632164
:102E5000284600F037F9044364B238226921284635
:102E600000F030F9044364B240F20572782128463C
:102E700000F034F9044364B240F206627A21284635
:102E800000F02CF9044364B27CB3204602B070BD5C
:102E90000A224B21284600F015F9044364B20F22A0
:102EA0006021284600F00EF9044364B20D2263212C
:102EB000284600F007F9044364B2B8226921284685
:102EC00000F000F9044364B240F60D727821284600
:102ED00000F004F9044364B240F60E627A212846F9
:102EE00000F0FCF8044364B2CEE7BDF806102846B3
:102EF000FFF712FF044364B2C7E74FF0FF34C4E7A3
:102F000070B582B005460E460DF10602DE2100F0D6
:102F1000C9F80446BDF80630C3F30903ADF806301E
:102F200006FB03F004F0A6FE07A3D3E9002304F098
:102F3000C1FD04F0C3FE02466C21284600F0E0F813
:102F4000204340B202B070BD333333333333F13FEB
:102F500008B50A46E52100F0B0F808BD10B586B006
:102F60000C46112301AA892100F07AF810BB9DF8C4
:102F7000043003F01F03172B01D80F4AD35C2370D2
:102F80009DF80B209DF80C3043EA0223DB00A38060
:102F90009DF8073023819DF813209DF8143043EAF3
:102FA0000223DB00E3809DF811209DF8123043EAF4
:102FB0000223638006B010BD7C18011010B582B0EA
:102FC00014460023009313460A46C1B20548006820
:102FD0000AF068FDA04202D1002002B010BD4FF0FF
:102FE000FF30FAE7283B002010B582B014460023DA
:102FF000009313460A46C1B2054800680AF05EFD18
:10300000A04202D1002002B010BD4FF0FF30FAE71D
:10301000283B0020014B186000207047283B00200F
:1030200070B51C460133B3F5007F13D806468C46B5
:1030300011460A4D4FEA1C232B7085F801C0224629
:10304000A81C0BF04FF9A21CD2B229463046FFF75C
:10305000B5FF70BD4FF0FF30FBE700BFA82B00208D
:10306000F8B51D460133B3F5007F15D806468C46EA
:1030700017460B494FEA1C230B705FFA8CF44C7017
:103080000222FFF79BFF00B1F8BD3C70EAB239465F
:103090003046FFF7A9FFF7E74FF0FF30F4E700BF36
:1030A000A82B002010B514460223FFF7D9FF228871
:1030B000130243EA1223238010BD08B50123FFF752
:1030C000CFFF08BD00B583B08DF8072001230DF1B7
:1030D0000702FFF7A5FF03B05DF804FB00B583B05E
:1030E000ADF8062092B2130243EA1223ADF806307F
:1030F00002230DF10602FFF793FF03B05DF804FB16
:1031000000B583B00192130203F47F0343EA026324
:103110004FEA122C0CF47F4C43EA0C0343EA126290
:10312000019204230DEB0302FFF77AFF03B05DF871
:1031300004FB08B5084603F09DFE002008BD08B555
:1031400000F08EFF08BD08B54A088A2101F0D0FBC7
:1031500008BD0000152907D8064BCB4013F0010F1E
:1031600005D00172002070476FF0070070476FF0C4
:10317000070070470B003000037A0B700020704787
:1031800010B50C460A46092101F0CCFB18B923788A
:1031900003F00103237010BD08B502F0B6F808BDB6
:1031A00008B502F01EF908BD08B502F08FF808BD99
:1031B000F0B583B006460C46154600238DF807305F
:1031C0000DF10702012101F0ADFB9DF80730074624
:1031D00068BB012D06D0042C34D8DFE804F0191C9C
:1031E0001F222500042C29D8DFE804F00306090C6F
:1031F0000F0043F010041BE043F0280418E043F0F4
:10320000040415E043F0400412E043F080040FE0B2
:1032100003F0EF040CE003F0D70409E003F0FB0433
:1032200006E003F0BF0403E003F07F0400E01C4667
:103230009C4200D057B1384603B0F0BD1C466FF039
:103240000307F5E71C466FF00307F1E7224601216B
:10325000304601F04DFB07460028ECD186F85C4172
:10326000F1683046FFF798FFE5E700201870042961
:103270001CD8DFE801F003080D121700C2F300129A
:103280001A7000207047C2F3C0021A700020704705
:10329000C2F380021A7000207047C2F380121A70C5
:1032A00000207047D2091A70002070476FF00300A9
:1032B000704730B583B005460C4600228DF80720D4
:1032C0000DF10702012101F02DFB024618B1AAB150
:1032D000104603B030BD23469DF807200021284644
:1032E000FFF7C3FF02460028F2D1A31C9DF8072078
:1032F00001212846FFF7B9FF0246E8E7631C9DF865
:10330000072002212846FFF7B0FF02460028DFD140
:10331000E31C9DF8072003212846FFF7A6FF02467D
:103320000028D5D1231D9DF8072004212846FFF74A
:103330009CFF0246CCE730B583B005460C460DF144
:103340000602F82101F0F3FA08B103B030BD6A4675
:103350000421284601F0FBFA0028F6D1BDF806301A
:103360001BB1009AB2FBF3F2226023682B61ECE7F9
:10337000037D0B700020704730B583B004460D46C6
:103380000DF10602202101F0D2FA30B9BDF8063065
:103390002BB9A3692B600023237503B030BDDB007C
:1033A0002B60A36101232375F7E7052942D870B587
:1033B00005460C4616466AB101F10A0300EB830389
:1033C0005A6800230121052C37D8DFE804F0070BE9
:1033D000181C2027114601230022F4E785F820104D
:1033E000002006E0C2F34F224421284601F08CFA67
:1033F00020B9D6B92C44002384F8203070BD85F85C
:1034000022100020F5E785F823100020F1E75B008B
:10341000FE226021284601F0B3FAE9E71B01EF2202
:103420006021284601F0ACFAE2E72544012385F843
:103430002030E3E76FF0030070476FF00300DDE733
:10344000052905D8084490F82030137000207047F3
:10345000002313706FF00300704770B506460C46EA
:103460001546431893F820302BB90A3400EB84003A
:103470004260002070BD05291FD8DFE801F0030677
:103480000C0F1212F262002012E0C2F34F2244210C
:1034900001F03AFA0AE07263002009E0B26300200A
:1034A00006E0C2F34F22642101F02EFA0028E1D198
:1034B0000A3406EB84035D60DCE76FF00300D9E7B4
:1034C00070B582B005460C461646052944D8DFE89B
:1034D00001F0030A161A1E1EC36A0022104622BB00
:1034E000336002B070BD0DF10602442101F01FFAF5
:1034F0000028F6D1BDF806305B02012212E0436BD2
:1035000000221046EBE7836B00221046E7E70DF13F
:103510000602642101F00BFA0028E2D1BDF8063062
:103520005B0200220028DCD1D9E753B904F10A0379
:1035300005EB83035B6833602C44002384F8203060
:10354000CFE7336004F10A0205EB820253602544A1
:10355000012385F82030C4E76FF00300C1E730B5E0
:1035600083B004460D460DF10702012101F0DAF99E
:1035700058B99DF8073084F85C3113F0800F06D1FC
:1035800000232B702B7884F87C3003B030BD0123EE
:103590002B70F7E72DE9F04106460D46FFF7ECFDED
:1035A000044610B12046BDE8F08105F1080130461F
:1035B000FFF7C1FE04460028F4D100232B7305F168
:1035C00010013046FFF7D8FE04460028EAD105F185
:1035D00014013046FFF7B3FD04460028E2D100276E
:1035E000052F19DCC4B91FFA87F807F1080205EBAB
:1035F0008202043241463046FFF762FF204344B264
:1036000054B907F118022A4441463046FFF718FF23
:10361000204344B20137E3E7002CC3D105F1740124
:103620003046FFF79CFF04460028BBD1291D3046D9
:10363000FFF7B6FD04460028B4D1002314E003F1DF
:10364000100206EB8202516803F10E0205EB8202C2
:10365000516003F1160206EB8202916803F1140235
:1036600005EB820291600133062BE8DD9AE700004A
:1036700070B5A0B005460022882101F039F9002379
:1036800085F81C314FF47A72A5F87E21724AC5F88C
:103690000021AB6102A92846FFF77CFF0446002801
:1036A0002DD100238DF808308DF8093011934FF09B
:1036B000966318934BF233331293684B19934FF47C
:1036C000003313934FF061731A93654B1493654B5A
:1036D0001B93654B1593654B1C934FF42023169356
:1036E0004FF0FA731D934FF4702317934FF0C87384
:1036F0001E93782202A905F108000AF0F3FD642365
:10370000A5F860314FF46173A5F862314FF4FA7394
:10371000A5F864314FF42063A5F86831012685F8D7
:103720007C6132468021284601F0E2F8044364B20D
:103730003246FF21284601F0DBF8044364B2002240
:103740001146284601F0D4F8044364B20DF1070293
:103750009121284601F0E6F8044364B29DF8073051
:1037600085F8663132460021284601F0C1F804434D
:1037700064B20022FF21284601F0BAF8044364B283
:1037800000228021284601F0B3F8044364B20026E9
:10379000052E09DC44B90122B1B22846FFF705FE27
:1037A000204344B20136F3E71CB18CB1204620B06F
:1037B00070BD002202212846FFF7F7FD04460028CD
:1037C000F4D1002203212846FFF7EFFD0446ECE781
:1037D000002204212846FFF7E8FD04460028E5D131
:1037E000002205212846FFF7E0FD04460028DDD130
:1037F0004FF4901200212846FFF72FFE04460028C0
:10380000D4D14FF4804201212846FFF726FE04461A
:103810000028CBD14FF40C1202212846FFF71DFEE1
:1038200004460028C2D1002203212846FFF715FED6
:1038300004460028BAD1FF2285F85C2101212846E0
:1038400001F056F8012385F85E3104460028ADD119
:10385000002385F84131A9E7A470090000004C0459
:10386000CCCC03000000EE02CC4C07000000260286
:1038700008B5012300F05EFE08BD00002DE9F0410F
:103880008EB005460C460C230AAA142101F003F859
:103890000646002840F090800023A37523609DF821
:1038A00032209DF8330000EB022080B263609DF867
:1038B0002E309DF82F2002EB032292B25202E260DA
:1038C0009DF830109DF8313003EB01239BB25B0271
:1038D00023619DF82A109DF82B3003EB01239BB246
:1038E000A3829DF82810B5F87EC195F85D71BCF5EE
:1038F0007A7F26D000FB0CFC0CF5FA7C354880FB67
:103900000CE04FEAEC7CCCEBA01C1FFA8CF0D5F855
:1039100018E095F81480B8F1000F12D01FFA8EF05D
:1039200003FB00F04FEA202EB2EB202F48D01FFA05
:103930008CFC02FB0CFCA2EB0E0EBCFBFEFC1FFA87
:103940008CF0002F3FD087082781C0B28001E0753E
:103950000DF1370001900094284601F0C9FF304373
:1039600046B24EBB9DF837E084F818E003AF05F18E
:10397000800CBCE80F000FC79CE8070087E8070031
:103980002389ADF81430E37D8DF823306389ADF8D9
:10399000163063680493E368069323690793A38A48
:1039A000ADF820308DF824E0803503AC0FCC0FC586
:1039B00094E8070085E8070030460EB0BDE8F081C6
:1039C0002FB948F6E02020810020E075C0E742F2E0
:1039D000B820B8E7D34D621070B582B006461446E1
:1039E0001D460DF106020E2100F0A1FFBDF80610E4
:1039F000094A02EA4142226008B102B070BD0DF1ED
:103A000006020C21304600F092FFBDF80620024B62
:103A100003EA42432B60F0E70000FE1F70B582B05E
:103A200004460E4690F80631022B35D0032B62D0A7
:103A3000012B40F08B806B4601AA0121FFF7CCFFE0
:103A40000546019BB3F57F0F40F2818000287ED1AF
:103A50002EB14049204601F02BFD054677E00422B7
:103A6000FF21204600F044FF05436DB20022702183
:103A7000204600F03DFF05436DB20022FF212046A5
:103A800000F036FF05436DB200228021204600F091
:103A90002FFF05436DB25AE06B4601AA0121FFF7E3
:103AA0009BFF0546009B002B51D000284FD12EB123
:103AB0002849204601F0FCFC054648E00422FF218D
:103AC000204600F015FF05436DB20022702120460C
:103AD00000F00EFF05436DB20022FF21204600F0EA
:103AE00007FF05436DB200228021204600F000FF51
:103AF00005436DB22BE06B4601AA0121FFF76CFF75
:103B0000054620BB2EB11349204601F0D1FC0546E5
:103B10001DE00422FF21204600F0EAFE05436DB2BD
:103B200000227021204600F0E3FE05436DB2002222
:103B3000FF21204600F0DCFE05436DB2002280210B
:103B4000204600F0D5FE05436DB200E00025284672
:103B500002B070BD3C18002030B583B004460DF1B2
:103B60000701FFF709FB01228021204600F0C0FE7B
:103B70000122FF21204600F0BBFE00221146204614
:103B800000F0B6FE94F866219121204600F0B0FEC8
:103B900001220021204600F0ABFE0022FF2120463A
:103BA00000F0A6FE00228021204600F0A1FE9DF834
:103BB0000730012B27D0032B35D0002B43D1012216
:103BC0000021204600F094FE01228DF80620E0BB83
:103BD00000250FE00DF106020021204600F0A2FEB4
:103BE00001359DF8063013F0010F06D028B9B5F560
:103BF000FA6F02D2002DF3D0ECE7B5F5FA6F24D3BB
:103C00006FF0060021E048B102220021204600F0BA
:103C10006FFED0B9042384F85E3116E001212046FE
:103C2000FFF7FCFEF0E748B104220021204600F037
:103C30005FFE50B9042384F85E3106E0012120467E
:103C4000FFF7ECFEF0E76FF0070003B030BD10B5F2
:103C500082B004460DF10701FFF78EFA60B99DF8B6
:103C6000073013B128B102B010BD2046FFF774FF32
:103C7000F8E7204600F0A3FE0028F4D19DF80730B5
:103C8000002BF0D1032384F85E31ECE770B582B0ED
:103C90000646002501220B21304600F029FE04468D
:103CA00000220B21304600F023FE044364B20DF1E4
:103CB00007021321304600F035FE044360B201359F
:103CC000EDB29DF8073013F0070F03D0022D01D895
:103CD0000028DFD0022D01D802B070BD6FF00B00BC
:103CE000FAE738B504460D460021FFF733FA0346DC
:103CF00010B16BB1184638BD2046FFF7A8FF034648
:103D00000028F7D129462046FFF7B8FD0346F0E723
:103D100000212046FFF7BAFF0346EBE770B59DF898
:103D20001060002940F0998005461C46142A09D0ED
:103D3000152A10D0042C00F28D80DFE804F0747492
:103D4000747474002EB910228421284600F0D0FD2E
:103D500070BD0122F8E70122FF2100F0C9FD0446F1
:103D600000221146284600F0C3FD044364B200223D
:103D7000FF21284600F0BCFD044364B201228021EB
:103D8000284600F0B5FD044364B20222852128468E
:103D900000F0AEFD044364B20422FF21284600F087
:103DA000A7FD044364B20022CD21284600F0A0FD07
:103DB000044364B21122CC21284600F099FD04434B
:103DC00064B20722FF21284600F092FD044364B24A
:103DD0000022BE21284600F08BFD044364B2062277
:103DE000FF21284600F084FD044364B20922CC215F
:103DF000284600F07DFD044364B20022FF212846DE
:103E000000F076FD044364B20122FF21284600F051
:103E10006FFD044364B200221146284600F068FD9D
:103E2000204340B294E722460A2100F061FD0028B9
:103E30008ED106B110263346EF228421284600F0A9
:103E40009FFD002884D185F8064100212846FFF710
:103E50001DFF7DE76FF00A00E9E76FF0090077E7E3
:103E600030B5A5B005467822002106A80AF064F90D
:103E70000023ADF816308DF815308DF8143004930A
:103E80000121284600F0FAFD95F83F1195F84021F0
:103E9000012A03D813D0AAB90C2913D905AA04A959
:103EA000284600F065FB38B995F87C3173B9D5F830
:103EB0007811284601F0FCFA50B125B030BD202918
:103EC000ECD8E8E7284600F0CFF9ECE74449F0E702
:103ED0000021009104230A462846FFF71FFF00280F
:103EE000EBD10122FF21284600F002FD04460DF12E
:103EF00016028421284600F01AFD044364B2002211
:103F0000FF21284600F0F4FC044360B20028D4D11D
:103F1000BDF816301B01C5F8003106A92846FFF789
:103F200039FB0028C9D10DF115012846FFF728F902
:103F30000028C2D19DF8153085F85D31782206A998
:103F400005F108000AF0CEF90DF11502012128460D
:103F500000F0E8FC0028B0D19DF8153085F85C3100
:103F6000002211462846FFF723F90028A5D1002298
:103F700002212846FFF71CF900289ED1032385F86B
:103F80005E310DF10F0200212846FFF70DF90028E0
:103F900093D19DF80F3085F814310DF10F020121F6
:103FA0002846FFF701F9002887D19DF80F3085F8E2
:103FB0000C3102AA0321284601F070F800287FF492
:103FC0007CAF029BC5F8103102AA0421284601F0FB
:103FD00065F800287FF471AF029BC5F808316CE7E3
:103FE000F419002010B582B00C460DF10702132120
:103FF00000F098FC9DF8073003F00702226013F0F0
:10400000180F01D102B010BD6FF00500FAE710B52E
:1040100082B00C4690F80631042B0DD00DF107024A
:10402000142100F07FFC78B99DF8073013F0010FE0
:104030000FD00123237007E06946FFF7D3FF009BF1
:10404000042B03D00023237002B010BD0123237082
:10405000FAE700232370F7E708B500F089FA08BDF6
:1040600010B582B00C460DF10602282100F05FFC6D
:1040700070B9BDF80620C2F30B03ADF8063012F498
:10408000006F07D0A3F58053FA2202FB03F32360ED
:1040900002B010BDFA2202FB03F32360F8E770B50B
:1040A000044608461E464FF0FF333360D30802F043
:1040B00007059E4600210BE04CFA05FC5FFA8CFCDC
:1040C0002A460DE002EBCE02326001210EF1010E14
:1040D00086450ED269B914F80EC09E45ECD0002278
:1040E000072AF3D81CF0010FECD14FEA5C0C013227
:1040F000F6E770BD8009044B53F820300BB1012066
:1041000070470020704700BFE81A0020B1EBD20FC3
:104110000FD900B54FEAD20C02F0070E10F80C30A0
:10412000012202FA0EF2134300F80C3000205DF871
:1041300004FB6FF03100704708B50A460623B02132
:1041400000F07CFB08BD08B50A460623B02100F04C
:10415000A2FB08BD2DE9F04F87B001908A4600927E
:104160009846109FDDF84490129EDDF84CB00596FD
:10417000002506E0224639464046FFF7C7FF661C89
:1041800001355D4512D205AB324639460098FFF73E
:1041900086FF059CB4F1FF3F0FD004EB0900FFF749
:1041A000A9FF5045E6D06FF0310000E00020149BDD
:1041B0001E6028B107B0BDE8F08F6FF03100F6E760
:1041C00041460198FFF7B8FF0028F3D103A90198F1
:1041D000FFF7B9FF0023BB42ECD218F8031003F13C
:1041E00018026A4412F80C2C914201D10133F2E713
:1041F0006FF03100DEE770B588B004460D4690F8E8
:104200005C61C022012100F073FB034618B183B149
:10421000184608B070BD01A92046FFF762FD0346AD
:104220000028F5D10122FF21204600F061FB034662
:10423000EDE72A46B621204600F079FB0346002828
:10424000E6D10022FF21204600F052FB0346002861
:10425000DED132460121204600F04AFB0346002809
:10426000D6D184F85C61D3E7F0B589B005460F4636
:1042700016460122FF2100F03BFB034610B17BB143
:1042800000231FE000224F21284600F031FB0028C8
:10429000F6D12C224E21284600F02AFB0346EEE7F9
:1042A0000022FF21284600F023FB0028E8D1B42299
:1042B000B621284600F01CFBE2E7E818002480F84D
:1042C00050410133052BF8D9D6B9002407AB04932C
:1042D00003970294B42301930623009305F5A87372
:1042E00005F5AB7231462846FFF734FF30B901239C
:1042F00085F8413185F83F7185F8406109B0F0BD1E
:10430000002404F1B400FFF7F5FE0028DED12B2CC9
:10431000DCD80134F5E710B5044641F00102002174
:1043200000F0E6FA034610B16BB1184610BD204606
:1043300000F045FB03460028F7D100212046FFF797
:10434000A5FC0346F0E700221146204600F0D0FA13
:104350000346EAE72DE9F04F83B005460E46904646
:104360001F469DF838A09DF83C904FF0000B8DF84B
:1043700007B00122FF2100F0BBFA04465A46594615
:10438000284600F0B5FA044364B25A46FF21284695
:1043900000F0AEFA044364B2A6B3BAF1000F20D124
:1043A000B9F1000F25D10122FF21284600F0A0FA23
:1043B000044364B201220021284600F099FA044324
:1043C00064B20022FF21284600F092FA20439DF8B3
:1043D000073003F0EF030D9A137040B203B0BDE84D
:1043E000F08F0C9ACB21284600F09CFA204344B26F
:1043F000D6E70DF10702EE21284600F093FA20439C
:1044000044B2D0E7BAF1000F0BD1B9F1000FCAD016
:104410003B468022EE21284600F0B2FA204344B207
:10442000C1E74246CB21284600F062FA204344B25D
:10443000EBE72DE9F04186B004460E461546002014
:104440008DF817001F4683B194F85C810122114654
:10445000204600F04DFA034648B10022327003B9FD
:10446000F7B9184606B0BDE8F0819846EEE740215E
:104470002046FFF750FF034678B9012DEDD1002209
:104480000392012102910DF1170301930096134647
:104490002046FFF75FFF0346E1E700223270E0E7C6
:1044A00042460121204600F023FA03460028D8D1D5
:1044B00084F85C81D5E72DE9F04186B004460E46CC
:1044C00015461F4683B190F85C81022201212046E7
:1044D00000F00EFA034648B10022327003B9F7B972
:1044E000184606B0BDE8F0819846EEE70021204668
:1044F000FFF711FF034678B9012DEDD1012103919A
:104500000022029201960DF11703009313462046F4
:10451000FFF720FF0346E1E700223270E0E7424662
:104520000121204600F0E4F903460028D8D184F8A0
:104530005C81D5E7F8B5044616461D4690F85C71D7
:1045400000232A46FFF775FF00B1F8BD03462A464F
:1045500031462046FFF7AFFF0028F6D13A46012149
:10456000204600F0C5F90028EFD184F85C71ECE733
:104570002DE9F04F93B004460E46154600230F93E5
:104580000E938DF835308DF83430B0F8687104E052
:10459000E218002182F850110133052BF8D90122CD
:1045A000FF21204600F0A4F9034620B193B118463C
:1045B00013B0BDE8F08F00224F21204600F098F99B
:1045C00003460028F3D12C224E21204600F090F91A
:1045D0000346EBE70022FF21204600F089F903465D
:1045E0000028E4D1B422B621204600F081F9034628
:1045F0000028DCD100228021204600F079F9034612
:104600000028D4D100230DAA0DF135012046FFF773
:1046100091FF03460028CAD100210F9104F5AB7B1E
:1046200004F5A87A0FAB0493032303930291B423F8
:1046300001930623009353465A462046FFF78AFD0E
:1046400003460028B3D1DDF83C800DF13601204649
:10465000FFF7D1FD03460028A9D1BDF83620BA42A4
:104660002BD84FF000094A46CDF82C90002B9ED154
:10467000BDF83610B94280F0B5809DF82C90D4F882
:1046800050011090B4F85421ADF84420C91B81EAC0
:10469000E17CACEBE17C03220A92CDF81C900896F9
:1046A0001E4609954546E0464CE0E218002182F896
:1046B00050110133052BF8D903E00023FAE708F184
:1046C000010808F1B400FFF715FD10B9B8F12B0F80
:1046D000F5D90FAB049303230393CDF80880B423DB
:1046E00001930623009353465A4601212046FFF7C3
:1046F00031FD034600287FF45AAFDDF83C800DF110
:1047000036012046FFF777FD034600287FF44FAFC0
:10471000BDF83620BA4205D84FF000094A460121BB
:104720000B91A3E74FF001090322CDF82C909DE7F0
:10473000D4F850011090B4F85431ADF84430CDF8AD
:10474000289088460EAB2A4606215846FFF7A7FC5C
:104750000E9DB5F1FF3F3ED005F1B400FFF7CAFC56
:104760000B9B98424ED10A9B03F101092A46062170
:104770005046FFF7CBFC00284BD10135514620466F
:10478000FFF7DAFC00284BD10DF136012046FFF788
:1047900032FD064600284AD1BDF83630D91B002923
:1047A000B8BF4942BB42C3D94A46DDF81C90034614
:1047B000089E099D884515D210AF39462046FFF75F
:1047C000BBFC03461098C4F85001BDF84420A4F87F
:1047D00054210A9A06E0DDF81C90089E099D0A9A69
:1047E0006FF03103002B7FF4E2AE326085F8009069
:1047F000012284F84121327884F83F212A7884F814
:104800004021D4E6DDF81C903346089E099D0A9AA3
:10481000E8E74A46DDF81C900346089E099DE1E75B
:104820004A46DDF81C900346089E099DDAE74A4691
:10483000DDF81C900346089E099DD3E72DE9F0435F
:1048400083B00546884617461E4603F101094846CF
:1048500003F09EFB044600F8018B3246394609F00E
:1048600041FD002300934B46224695F88411D5F86C
:10487000800109F017F9B0F1FF3F06D0204603F0A0
:10488000B5FB002003B0BDE8F083204603F0AEFB8B
:104890006FF01300F6E770B584B0044615461E4667
:1048A0008DF80F10012300930DF10F0290F8841181
:1048B000D0F8800109F0F6F8B0F1FF3F12D09DF872
:1048C0000F302B700023009333462A4694F884114E
:1048D000D4F8800109F0F2F8B0F1FF3F05D00020D4
:1048E00004B070BD6FF01300FAE76FF01300F7E744
:1048F00000B583B08DF8072001230DF10702FFF703
:104900009DFF03B05DF804FB00B583B0130A8DF87A
:1049100004308DF80520022301AAFFF78FFF03B0B2
:104920005DF804FB08B50123FFF7B5FF08BD10B51E
:1049300082B01446022301AAFFF7ADFF9DF80420C0
:104940009DF8053003EB0223238002B010BD10B5A3
:1049500082B0144604230DEB0302FFF79CFF9DF881
:1049600004209DF805301B0403EB02639DF806202C
:1049700003EB02239DF807201344236002B010BD0F
:10498000F0B583B006460F4615461C460DF10702EA
:10499000FFF7C8FF08B103B0F0BD9DF8073005EA86
:1049A000030222438DF8072039463046FFF7A0FF67
:1049B000F1E708B5052002F05DFA002008BD30B52A
:1049C00083B0054600248DF807400DF10701284605
:1049D000FFF71DFB024668B99DF80730012B09D08F
:1049E0000134B4F5FA6F03D22846FFF7E2FFECE793
:1049F0006FF00602104603B030BD0130C0B2400077
:104A000000F0FE00704702464FF0804300E09B0834
:104A10009342FCD8002001E040089B0833B1C11844
:104A20009142F9D8521A03EB5000F6E7704770B57F
:104A300082B0064600228321FFF75AFF0446A0B940
:104A400000250DF1070283213046FFF76BFF044676
:104A50009DF8073023B918B90135B5F5FA6FF0D3D1
:104A6000B5F5FA6F01D36FF00604012283213046B9
:104A7000FFF73EFF204340B202B070BD2DE9F04F7A
:104A80008FB005460E4600230A93099390F81C71D7
:104A9000072F16D14FF00008C346C246C146444610
:104AA000072F00F09C8216F0010F00F0708217F0C3
:104AB000010F40F06C8285F83F9185F840A10023FA
:104AC00063E201228021FFF713FF04460122FF2148
:104AD0002846FFF70DFF044364B200221146284622
:104AE000FFF706FF044364B20622FF212846FFF7C2
:104AF000FFFE044364B20DF1370283212846FFF71D
:104B000011FF044364B29DF8372042F00402832170
:104B10002846FFF7EDFE044364B20722FF21284632
:104B2000FFF7E6FE044364B2012281212846FFF725
:104B3000DFFE044364B22846FFF73BFF044364B240
:104B4000012280212846FFF7D3FE044364B216F009
:104B500001095DD017F0010F03D04FF0000AD146D4
:104B600057E06B2294212846FFF7C2FE044364B24B
:104B70002846FFF75CFF044364B20DF1300842465B
:104B800090212846FFF7E3FE044364B20C9BC3F375
:104B90000629C3F3C03A242294212846FFF7A8FE31
:104BA000044364B22846FFF742FF044364B242461E
:104BB00090212846FFF7CBFE044364B20C9B1A0EEB
:104BC0008DF80820C3F307428DF80920C3F30722AC
:104BD0008DF80A208DF80B30252294212846FFF706
:104BE00087FE044364B22846FFF721FF044364B202
:104BF000424690212846FFF7AAFE044364B20C9B6C
:104C00001A0E8DF80C20C3F307438DF80D3000E029
:104C1000CA4616F0020F02D017F0020F0BD016F0A2
:104C2000040F00F0688117F0040F00F0DE804FF0F1
:104C30000008C34662E1022294212846FFF758FE8D
:104C4000044364B22846FFF7F2FE044364B20DF158
:104C50002F0290212846FFF765FE044364B27B22B1
:104C600094212846FFF744FE044364B22846FFF728
:104C7000DEFE044364B20DF12E0290212846FFF7B8
:104C800051FE044364B2772294212846FFF730FE98
:104C9000044364B22846FFF7CAFE044364B20DF130
:104CA0003008424690212846FFF751FE044364B283
:104CB0000C9B5A0E8DF81020C3F386428DF81120FC
:104CC000C3F3C6228DF81220C3F306128DF8132009
:104CD000DB0003F078038DF83730782294212846E2
:104CE000FFF706FE044364B22846FFF7A0FE044324
:104CF00064B2424690212846FFF729FE044364B27D
:104D00000C9B9DF8372002EB53728DF81420C3F3EF
:104D100086528DF81520C3F3C6328DF81620C3F3E2
:104D200006228DF81720C3F346028DF818209B0148
:104D300003F040038DF83730792294212846FFF79D
:104D4000D7FD044364B22846FFF771FE044364B202
:104D5000424690212846FFF7FAFD044364B20C9BBB
:104D60009DF8372002EB93628DF81920C3F3C642F9
:104D70008DF81A20C3F306328DF81B20C3F34612B8
:104D80008DF81C209B0003F07C038DF837307A22CD
:104D900094212846FFF7ACFD044364B22846FFF790
:104DA00046FE044364B2424690212846FFF7CFFDF9
:104DB000044364B20C9B9DF8372002EB93728DF88C
:104DC0001D20C3F3C6528DF81E20C3F306428DF892
:104DD0001F20C3F346228DF82020C3F386038DF8ED
:104DE000213000238DF8223019E77B2294212846B8
:104DF000FFF77EFD044364B22846FFF718FE044324
:104E000064B20AAA90212846FFF7A1FD044364B2C8
:104E10007C2294212846FFF76BFD044364B22846A8
:104E2000FFF705FE044364B209AA90212846FFF764
:104E30008EFD044364B2732294212846FFF758FD87
:104E4000044364B22846FFF7F2FD044364B20DF157
:104E5000300B5A4690212846FFF779FD044364B28F
:104E60000C9B1B021FFA83F8742294212846FFF73B
:104E70003FFD044364B22846FFF7D9FD044364B202
:104E80005A4690212846FFF762FD044364B29DF81C
:104E9000333043EA0808752294212846FFF728FD9D
:104EA000044364B22846FFF7C2FD044364B25A4685
:104EB00090212846FFF74BFD044364B20C9B1B0274
:104EC0009BB20193762294212846FFF711FD0443FB
:104ED00064B22846FFF7ABFD044364B25A46902102
:104EE0002846FFF734FD044364B29DF833B0019BBC
:104EF0004BEA030B02E04FF00008C3460022812179
:104F00002846FFF7F5FC044364B20622FF21284639
:104F1000FFF7EEFC044364B20DF13702832128460B
:104F2000FFF700FD044364B29DF8372002F0FB0256
:104F300083212846FFF7DCFC044364B20122FF21F1
:104F40002846FFF7D5FC044364B20122002128461D
:104F5000FFF7CEFC044364B20022FF212846FFF78E
:104F6000C7FC044364B2002280212846FFF7C0FC3E
:104F7000044364B29CBB93E503F138026A4412F81F
:104F8000301CEA1882F856110133052BF4DD16F0B7
:104F9000020F02D017F0020F25D016F0040F19D01F
:104FA00017F0040F16D10A9BC5F84431099BC5F8C8
:104FB00048314FEA4823C5F84C31BBF1000F20D0EF
:104FC000ABF5C8534FF47A7202FB03F31B095B4243
:104FD0001BB26B6037438DF8377085F81C71204623
:104FE0000FB0BDE8F08F9DF82F3085F81D319DF88A
:104FF0002E3085F81E3104A905F21F1009F014F9AE
:10500000CBE70023E5E70000014801FB00F0704713
:10501000002F3A0068B10138002302E04008013354
:105020009BB2FF28FAD81B029BB253FA80F080B2E1
:10503000704700207047C3B2000A03FA00F0013045
:105040007047000010B50C461146FFF7DDFF00F574
:10505000FA73064AA2FB03239809DB094FF47A721C
:1050600002FB0433B3FBF0F010BD00BFD34D621060
:1050700010B50C461146FFF7C7FF00F5FA70064B56
:10508000A3FB0020800904FB00F000F5FA70A3FBED
:105090000030800910BD00BFD34D6210F0B585B05F
:1050A0000446154600238DF80E30ADF80C30022969
:1050B00009D9032921D0042942D0002006462860BE
:1050C000304605B0F0BD0DF10F021946FEF76CF841
:1050D000064650B19DF80E00FFF7ADFF9DF80F207A
:1050E00081B22046FFF7C4FFE9E70DF10E02462129
:1050F0002046FFF717FC0646ECE70DF10F020021F2
:10510000FEF752F8064608B10020D8E70DF10F026D
:1051100000212046FEF748F8064650B1BDF80C00C5
:10512000FFF789FF9DF80F2081B22046FFF7A0FF0F
:10513000C5E703AA51212046FFF7F9FB0646EDE734
:1051400001A9FEF7B6F89DF80730C3B10DF10F02C3
:1051500000212046FEF728F8064610B10027394600
:1051600017E003AA51212046FFF7E1FB0646BDF8F0
:105170000C00FFF760FF87B216B1002109E000279D
:105180000DF10F0201212046FEF70EF8064640B150
:105190000021C91B9DF80F2089B22046FFF768FF48
:1051A0008DE70DF10A0271212046FFF7C0FB06468C
:1051B000BDF80A00FFF73FFF81B2EAE7F0B585B01E
:1051C00004461646022921D903293ED004297AD162
:1051D00001A9FEF76EF89DF80730002B53D00DF1B2
:1051E0000F0200212046FDF7DFFF0546002853D1BE
:1051F00003AA51212046FFF79AFB0546BDF80C0093
:10520000FFF719FF87B2002D46D13DE00DF10F02E7
:105210000021FDF7C9FF054600283DD19DF80F206C
:1052200031462046FFF70EFF83B2B3F5807F0AD8E0
:10523000C2B2013AD2B2A4F8042146212046FFF7B7
:1052400057FB054628E0FF22F5E70DF10F0200218C
:10525000FDF7AAFF05469DF80F2031462046FFF7CF
:10526000F1FE80B2FFF7D6FEADF80C00A4F8040101
:1052700095B9024651212046FFF746FB054658B92D
:10528000C4F8106108E000270DF10F02012120464B
:10529000FDF78AFF054610B1284605B0F0BD9DF820
:1052A0000F2031462046FFF7CDFE3844FFF7B2FE0F
:1052B000024671212046FFF727FB05460028EBD167
:1052C000C4F80861E8E76FF00305E5E730B583B09F
:1052D000154621B1012911D06FF003040BE00DF147
:1052E00007025021FFF71EFB044624B99DF8070072
:1052F000FFF783FB2870204603B030BD0DF1070295
:105300007021FFF70FFB0446EFE770B584B0064647
:105310000C464FF4FA63019300230093A1F636354F
:1053200002A9FDF7C6FF034658BB9DF808202AB91D
:105330009DF8092012B99DF80A20D2B101AA0221D4
:105340003046FFF7ABFE0346D8B99DF808202AB1D6
:10535000019A02F24E2295423DD9AD1A9DF80A20DB
:1053600092B1019A02F2B2225100B5EB420F16D966
:105370006D1A33B99DF80B20BAB913B99DF80C20FA
:1053800002BB184604B070BD9DF80920002AF0D079
:10539000019A02F52572954204D9AD1AE9E76FF03A
:1053A0000303EEE76FF00303EBE76A4603213046A1
:1053B000FFF774FE0346009A02F5257295420DD957
:1053C000AD1ADAE7A5F2262204213046FFF7F6FEF1
:1053D0000346F460D5E76FF00303D2E76FF00303F1
:1053E000CFE730B587B005460C464FF4FA63029319
:1053F0000023019340F636330B6004A9FDF759FFF3
:10540000034668BB9DF810202AB99DF8112012B9F7
:105410009DF81220CAB102AA02212846FFF73EFEDB
:105420000346B0B99DF810202AB12268029901F212
:105430004E210A4422609DF81220A2B122680299EE
:1054400001F2B22102EB410222604BB99DF8132018
:10545000A2B92BB99DF81420EAB90BB92268EA6009
:10546000184607B030BD9DF81120002AEDD0226803
:10547000029901F525710A442260E6E701AA032199
:105480002846FFF70BFE03462268019901F52571B6
:105490000A442260DDE703AA04212846FFF7FEFD47
:1054A00003462268039901F226210A442260D4E7C8
:1054B00070B582B006460D46002420463DE0AB5C48
:1054C000A21C032B45D8DFE803F0020B141DAA5CD5
:1054D000E31CEB5C043403EB0223A6F860312CE000
:1054E000AA5CE31CEB5C043403EB0223A6F86231F4
:1054F00023E0AA5CE31CEB5C043403EB0223A6F874
:1055000064311AE0AA5CE31CEB5C043403EB022375
:10551000A6F8683111E0A95C0234002207E0285D9A
:1055200002F1080CEC440CF8040C013401329342F3
:10553000F5DC01AA3046FFF781F92B5D6BB160B94C
:10554000621CFF2BBBD0042BE5D914466FF003007F
:10555000F3E714466FF00300EFE702B070BD70B5DB
:1055600082B006460D461446002313600DF1070174
:10557000FDF7FEFE48B99DF8073033B1B269AB8A3A
:1055800002FB03F380331B0A236002B070BD10B529
:1055900082B01446CB68136001AAFFF7E0FF18B988
:1055A0002268019B1344236002B010BD84B010B484
:1055B00001AC84E80F000F99109C002300E0013338
:1055C00018468B4205D201AA52F82320A242F6D3F4
:1055D00000E00020994202D060B1411E01E0013993
:1055E0000846119B1960129B186000205DF8044B5F
:1055F00004B070470146F4E770B5AEB00C461646ED
:1056000000230F930E9310A9FDF7C4FF05461F9BBF
:10561000A34205D3269B1B0C336028462EB070BDD9
:10562000259BA34201D82C9BF5E70EAB0D930FAB46
:105630000C930B9407230A93EC460DF18C0EBEE8F5
:105640000F00ACE80F00BEE80F00ACE80F009EE8CA
:1056500003008CE803001FAB0FCBFFF7A7FF0F9BE6
:105660000E9A934224D003F10E012EA800EB810183
:1056700051F8740C02F10E010DF1B80C0CEB810124
:1056800051F8741C14330CEB830353F8703C143240
:105690000CEB820252F8702C8842BCD09B1A081A7C
:1056A000000AB3FBF0F3091B090A03FB0123B2E76D
:1056B00014332EAA02EB830353F8703CABE70000CF
:1056C0002DE9F04F89B00546894601928369079319
:1056D0000B694FF47A7808FB03F3029306AAFFF7ED
:1056E00056FF07AA49462846FFF739FF8246069F1C
:1056F00008FB07F606F500464FEA164B079C08FB29
:1057000004F4B4F5481F01D94FF44814BAF1000F5E
:105710003ED1D5F80831049395F80C8142461946DC
:105720002846FFF78FFC0390D5F81031059395F8C4
:10573000142119462846FFF785FCB8F1080F2BD035
:105740000322039B034402FB03F3DB0203F5FA731A
:105750005F4AA2FB03139B0940F2776101FB03F34D
:1057600003F5FA73A2FB03239B0907F18002170AD2
:10577000069703FB07F780373F0A22F0FF020692E5
:10578000BBF1000F0AD1534B019A1360C5F86C317D
:10579000504609B0BDE8F08F0222D2E707B90127D1
:1057A000029B6FF30F03B3FBFBF04B4B984200D906
:1057B00018464FF4167303FB00F807EB4700800010
:1057C000FFF721F94FEA400BB9F80830434A02FBD2
:1057D00003F36FF30F06A6EB440404F5FA743C4A96
:1057E000A2FB0414A40906F5FA76A2FB0626B60964
:1057F0002002B0FBF6F0000299F81820002A5ED1D2
:10580000374AA2FB03239B0AC0F5803003FB00F05C
:1058100000F50040000C00F58030400800FB00F06F
:10582000800B4FF4487303FB00F000F50040000CC0
:1058300008F500484FEA184808FB08F800FB00800C
:10584000FFF7E1F803043233264AA2FB03235B0986
:10585000B3FBFBF340F6B53141F2883201FB032381
:10586000214CA4FB0324640B204A934201D94FF43A
:105870007044049B059A134403F5FA73144EA6FB77
:1058800003239809DB0903F5C813B3FBF0F0FFF716
:10589000BAF8000200F5FA70A6FB0060800900FB70
:1058A00000F004FB0400FFF7AEF84FF47A7303FB3B
:1058B00000F03FB1074B984205D9064803E04FF48A
:1058C0008030AEE70348019B1860C5F86C015FE7C4
:1058D000D34D6210AE878F02666666009A99060005
:1058E000517BC6371F85EB515917B7D10F279F241E
:1058F0002DE9F04F89B0044616461F4600238DF867
:105900001F308DF81E308DF81D308DF81C30ADF82D
:105910000A300193C1F3C3050F2D09D8DFE805F064
:105920000B080808080B080B080808080B0B0B0BE2
:105930004FF0000B01E04FF0010B0DF11F020021B1
:105940002046FDF77DFD03469DF81FA0BAF1000F2C
:105950002AD010B14FF0000A27E006AA129920467B
:10596000FFF7AEFE034618B173B14FF0000A1CE01A
:1059700001AA129B19692046FFF73EFE034640BB71
:10598000019A12994A81EFE705AA00212046FDF706
:1059900097FD0346059A2AB106998A420ED34FF025
:1059A000000A01E04FF0000A5BB19DF81D80B8F1DC
:1059B000000F3ED083B14FF000083BE04FF0010AEA
:1059C000F2E70DF11D0202212046FDF739FD0346E5
:1059D000EBE74FF0000AE8E704AA02212046FDF7B2
:1059E0006FFD034658B1BDF80A205202C4F8742175
:1059F0000499E1B1914235D34FF0000819E001223A
:105A0000FF212046FEF774FF03460028EBD10DF17D
:105A10000A02B6212046FEF78AFF03460028E2D19B
:105A20000022FF212046FEF763FF0346DBE74FF02D
:105A30000008D3B19DF81C90B9F1000F20D0002BC5
:105A400057D1CFB13602B6FBF7F603AA03212046A1
:105A5000FDF736FD0346039A82B1B2421FD84FF0DC
:105A600000090DE04FF00108E3E707AA03212046F3
:105A7000FDF7E6FC0346DDE70026E6E74FF0000908
:105A8000002B38D1BBF1000F0CD16B1E092B15D8A0
:105A9000DFE803F00C0C0C141410142310234FF047
:105AA0000109EDE7FF23139A137024E00523139AED
:105AB000137020E00423139A13701CE0B8F1010F57
:105AC0000BD0042D0DD0B9F1010F0AD0BAF1010F9E
:105AD0000BD00023139A13700DE00323139A137055
:105AE00009E00223139A137005E00123139A13703F
:105AF00001E04FF000090DF11E0201212046FDF7E3
:105B00009FFCF0B99DF81F300BB94FF0010A84F8E3
:105B100026A0042D04D09DF81E30ABB9012300E06F
:105B2000012384F827309DF81D300BB94FF0010890
:105B300084F828809DF81C300BB94FF0010984F8D7
:105B4000299009B0BDE8F08F0023EAE710B400F017
:105B5000070C4FEA8C0CC00801FA0CF100F18C0C18
:105B6000074C44F82C1003EB80032AB103F50053D3
:105B700019605DF8044B704703F540531960F8E76E
:105B8000008002400C4B03EB800253F8203083F07E
:105B9000400303F0C00302F5805CCCF80030C00085
:105BA00000F1804000F52030416002F540524FF492
:105BB00080731360704700BF0480034010B40C4C26
:105BC00004EB800C79B108237AB10422134354F812
:105BD0002020534003F00C030CF5805CCCF800301F
:105BE0005DF8044B70470023EEE70022EEE700BFAC
:105BF0000480034070B505460C46164652B94FF076
:105C000050431B688BB10A4B324621462846FFF7AA
:105C10009DFF70BD152000F013FA0028EFD1054B51
:105C2000054ABD21054803F00DFB054BECE700BF1D
:105C300090820240A4EE0010EC180110D0EE00108B
:105C40004882024010B54FF050431C68094B53F88E
:105C50002430034207D10343064840F8243015207E
:105C600000F02EFA10BD044B044ADB21044803F077
:105C7000E9FA00BF903B002018EF0010B81801109F
:105C8000D0EE001010B54FF050431A680C4B53F88B
:105C9000223003420ED00446152000F02BFB4FF0BB
:105CA00050431968064A52F8213023EA040342F8A7
:105CB000213010BD034B044AEF21044803F0C2FA1F
:105CC000903B002044EF001094180110D0EE00101B
:105CD00039B1084B03EB800303F5005340221A60EF
:105CE0007047044B03EB800303F5405340221A60D6
:105CF000704700BF0480034008B54FF0000242EC3B
:105D0000440042EC40000521FFF73CFF08BD0000C5
:105D10000FB400B583B0049C074803F0C7FB3CB147
:105D200005A90191204603F0D1FB044803F0BEFB16
:105D3000012003F067FA00BF70EF001024EE00109E
:105D4000EFF3108072B6064BD3E8CF1F0122002973
:105D5000FAD1C3E8412F0029F6D1BFF35F8F704716
:105D6000772600200023034AC2E88F3F80F3108883
:105D7000704700BF7726002070B505460C461646D2
:105D8000FFF7DEFFE208A95C04F0070C012303FA29
:105D90000CF3194205D1DBB20B43AB54FFF7E2FF22
:105DA00070BD21463046FFF7B3FFF8B506460D46F5
:105DB00014461F46FFF7C4FF00E00134BC420ED872
:105DC0004FEAD40C16F80C1004F0070301229A4095
:105DD0001142F2D1D2B20A4306F80C2001E04FF092
:105DE000FF34FFF7BFFF002C01DB2046F8BD002D7C
:105DF000FBD00698FFF78CFF38B505460C46FFF739
:105E00009FFFE1086A5C04F007040123A3401A42E3
:105E100005D022EA03026A54FFF7A4FF38BD034B02
:105E2000034A3321034803F00DFA00BF80EF00104E
:105E300004190110A0EF0010054A1078431CDBB2D2
:105E40001370172B02D9134610221A70704700BF27
:105E5000F81A002000B583B00146054B00931F23BC
:105E600018220448FFF7A1FF03B05DF804FB00BF50
:105E7000E8EF0010B42D00204FF0E022936843F0CB
:105E80000053936070470000002305E0044A1A4461
:105E90000021C2E88F1F01331F2BF7D9704700BFC5
:105EA0006C260020064B9B68103043F82010BFF38F
:105EB0005F8F00230349C1E88F3F82F3108870474A
:105EC00000ED00E0752600200048704700E400E087
:105ED00008B5FFF7F9FF002304E04FF0803240F8E7
:105EE000042B01330C2BF8D962B608BDC0F1330086
:105EF0007047000008B50388DA0A1C2A06D15B0542
:105F00000BD45B15023300EB430008BD064B074A78
:105F10004FF48E71064803F095F903F5FF1303F56E
:105F2000FF531F33EDE700BF04F0001060190110AC
:105F30001CF0001008B5091A01F2FC7240F6FE735D
:105F40009A4208D8081F11F0010F04D1C0F34A008B
:105F500040F4604008BD034B034A4FF48771034887
:105F600003F070F964F00010541901101CF00010D7
:105F700008B5091A04394B08090B0AD1C1F30A0103
:105F800041F4704101806FEA43536FEA53534380F9
:105F900008BD034B034A4FF48B71034803F052F9D9
:105FA00094F00010301901101CF000104209064B4B
:105FB00053F8223000F01F000122824003EA020061
:105FC000003818BF0120704700E100E03AB1064BED
:105FD00000F1600243F8221043F82010704720308F
:105FE000014B43F82010704700E100E008B50A4675
:105FF00000F01F03012199404009FFF7E7FF08BDAA
:1060000000F01F024009012393404030014A42F84A
:106010002030704700E100E0024B9B68103053F8DD
:106020002000704700ED00E008B5FFF7F5FF034BD7
:10603000C01A2F288CBF0020012008BDFC1A0020A8
:1060400008B5FFF7E9FF30B1044A904201D00120C2
:1060500008BD0020FCE70020FAE700BF1101001096
:1060600070B505460C46EFF3108672B60F4BD3E8B9
:10607000CF1F01220029FAD1C3E8412F0029F6D110
:10608000BFF35F8FFFF7C8FF094B984201D0A042D2
:1060900005D1324621462846FFF704FF70BD054B67
:1060A000054AED21054803F0CDF800BF7526002014
:1060B00011010010A4F00010881901101CF000104C
:1060C0002DE9F04F87B000911546EFF3108A72B6B4
:1060D0007C4BD3E8CF1F01220029FAD1C3E8412F1E
:1060E0000029F6D1BFF35F8F774B93F90040002C66
:1060F00044DB804604EB4407744B03EB870797F9B6
:106100000610714A1170724A926800F1100152F83B
:106110002190A9EB03022F2A3ED96E4B994534D129
:106120004FF42143ADF80C304FEA440904EB44002E
:10613000664E06EB800068490230FFF7FBFEADF8C3
:106140000E004BF60153ADF81030FF238DF81230DE
:106150008DF81350009B0593A14406EB890306AA12
:1061600012E9070083E8070047F001095246494653
:106170004046FFF797FE07B0BDE8F08F574B584AEF
:106180004FF4BE71574803F05DF8574B544A40F244
:106190008311544803F056F829F0010BABEB0303CD
:1061A000524AA2FB0312D20802EB4202B3EB820F67
:1061B0000FD15B460026DA79AA4212D993F906205C
:1061C000002A0DDB02EB42021E46404B03EB82032A
:1061D000F1E7474B424A4FF4CA71424803F032F8A4
:1061E0001E46A6B344F60103ADF80C304FF48F43BE
:1061F000ADF80E3096F906B0BBF1000F1ADA4BF687
:106200000150ADF810008DF812B08DF81350009BBE
:1062100005933946301DFFF78DFEB080B47104EB55
:1062200044042A4B03EB840306AA12E9070083E81F
:1062300007009BE7301DFFF75DFE014604EB4402BB
:10624000224B03EB8203181DFFF774FED9E74FF4CE
:106250002143ADF80C306300019304EB4406DFF8F2
:106260006C9009EB86061C49B01CFFF763FEADF885
:106270000E005946301DFFF75DFEADF810004AF6DE
:10628000AA235A464946521A524153431B0D8DF8D0
:1062900012308DF81350009A0592019B234409EBAC
:1062A000830906AB13E9070089E8070044F60103F8
:1062B000ABF800304FF48F43ABF8023047F00109E0
:1062C00054E700BF75260020D93B0020FC1A0020AF
:1062D00000ED00E0110100102C1B0020DCF000108C
:1062E000701901101CF0001004F10010ABAAAAAA4A
:1062F0002CF100102DE9F04706460D46EFF310880B
:1063000072B6504BD3E8CF1F01220029FAD1C3E85F
:10631000412F0029F6D1BFF35F8F4B4B9B6800F1F3
:10632000100A53F82A70494B9F4207D0AF4200F041
:1063300087803C46464BFB1A2F2B06D942463946EE
:106340003046FFF7AFFDBDE8F087FFF72FFE81462F
:1063500000213046FFF74AFEBFF35F8FEFF3058061
:10636000C0B208B1824510D124F001040021A26816
:10637000954212D094F90630002B0DDB03EB43035A
:106380002146334C04EB8304F1E7324B324A40F2AE
:106390000221324802F056FF2146954249D194F934
:1063A0000650002D2BDB05EB4502294B03EB820346
:1063B0009A68A260DA79E27193F90630A371002B32
:1063C00010DA4BF60150A08005EB4502204B03EBA1
:1063D0008203234A11789971157049463046FFF7B8
:1063E00005FEABE705EB4503194800EB83000430DD
:1063F000FFF780FD0146201DFFF79CFDE3E798B9FC
:1064000081B1FF238B714BF601538B80144A1378B3
:10641000A3714AF6AA230E49641A644163431B0D13
:106420001370DAE7094FF1E70E49201DFFF7A0FDD1
:10643000D3E70D4B084A4FF41171084802F002FFF0
:10644000024F7BE77526002000ED00E011010010EF
:10645000FC1A0020B0F10010401901101CF00010CF
:10646000D93B0020361B0020E4F1001038B504466B
:106470000D46FFF729FD4FEA940C50F82C3004F03C
:106480000304E400FF22A24023EA0203A5402B43B9
:1064900040F82C3038BD000038B540F00104324BD4
:1064A000E31A2F2B31D8EFF30581C9B2002933D07D
:1064B000EFF3108E72B62D4BD3E8CF5F0122002D83
:1064C000FAD1C3E8452F002DF6D1BFF35F8F4AF60E
:1064D000AA230246244D521B524153431B0D4FFA2F
:1064E00083FC234B9B6853F82130A3421BD000232D
:1064F000032B32D803EB43011B4A02EB810292F9D2
:106500000620624520D00133F2E71A4B1A4A40F2C6
:106510007F211A4802F096FE194B174A40F2822159
:10652000164802F08FFE124B9B68164A43F8212052
:10653000154B1A78827183F800C000230B4AC2E819
:106540008F3F8EF3108838BD074A02EB8101FF248C
:106550008C714BF601538B80EAE70C4B064A40F2F4
:106560009321064802F06EFEFC1A002075260020DA
:1065700000ED00E0ECF10010141901101CF0001007
:1065800014F2001011010010D93B002020F200107D
:1065900008B5FFF7ABFC01460148FFF72DFC08BD2D
:1065A000DD3B002000B583B00146074B0093052377
:1065B00000220648FFF7F9FB002801DBC0F1330099
:1065C00003B05DF804FB00BF28F20010DD3B0020A3
:1065D00070B504460E461546FFF72EFC01462046D0
:1065E00000F006F8A680E580BFF35F8F70BD000065
:1065F000014B0B44036070476C26002010B5044625
:10660000FFF71AFC01462046FFF7F2FFFF23237134
:10661000BFF35F8F10BD10B50446FFF70DFC0146B8
:106620002046FFF7E5FFFF23237100236371BFF3CB
:106630005F8F10BD10B50D4C09E00D4B0D4A1A21AE
:106640000D4802F0FFFD2046FFF7D8FF08340B4B42
:106650009C4209D22368002BF5D0012BEDD12046B6
:10666000FFF7D9FF0834F2E710BD00BF3821002042
:1066700044F200101C1A011064F20010482100209E
:10668000024B0B440360BFF35F8F70476C26002002
:1066900010B504460120FFF7DDFB01462046FFF759
:1066A000EFFF10BD0246EFF30583DBB2103B990804
:1066B00004D0034803F00303136070470148F9E76F
:1066C00000800B4000000B4010B4846AA2EB040C65
:1066D0000B1D50F823301B1B9C4504D3046A012377
:1066E0008B401C4202D1043140F821205DF8044B5C
:1066F000704741EA004070470D4B1A68EFF3108174
:1067000072B6D2E8CFCF0120BCF1000FF9D1C2E8B8
:106710004C0FBCF1000FF4D1BFF35F8F1A68002358
:10672000C2E88F3F81F3108840BF002000217047EE
:10673000A43B00202DE9F04F85B003A8FFF7B2FF7E
:10674000954B984214BF00230123039901EB830367
:10675000924A52F823402378994206D105460122F5
:106760008A4000F541535A602CE18D4B8D4A9221AD
:106770008D4802F067FDD4F8149006EB46074FEA07
:10678000C70A09EBC707D7F808B0D7F80C80284626
:1067900000F08CFCB0EB0B0061EB0803002BC0F2A7
:1067A0001A81B8F1000F64DB3B691A4600937F4BF6
:1067B0009A4230D0798889B2B4F90800FFF799FF7E
:1067C0007969009B9847009001910099019A51EADC
:1067D00002034ED01346002A29DABBEB010268EB14
:1067E0000308BA60C7F80C8039F90A70002FC0F2AC
:1067F000F280D4F814E007EB47030EEBC30399686B
:10680000DB68511A68EB0303002BC0F2E480A44656
:106810002CF8087F17E07A691369009210469847B0
:1068200038B3009A1368009353680193CDE7284664
:1068300000F03CFC009B1A18019B43EB0108D0E7D9
:106840009C463EF90B70002F0EDBBCF9003003EBC9
:1068500043034FEAC30B0EEBC3039868D968101AC1
:1068600068EB01010029EBDA29F80A70ACF8006046
:10687000B1E039F90A3023812369EFF3108272B64F
:10688000D3E8CF0F01210028FAD1C3E8401F002828
:10689000F6D1BFF35F8FB4F9023029F80A30668071
:1068A00021690023C1E88F3F82F3108893E02369B8
:1068B000EFF3108272B6D3E8CF0F01210028FAD18E
:1068C000C3E8401F0028F6D1BFF35F8FB4F80480FF
:1068D0000FFA88F84FF6FF73A38021690023C1E8FF
:1068E0008F3F82F310881AE01F4630F90A60002EAD
:1068F0000FDBB7F9003003EB43034FEAC30A00EBA9
:10690000C3039968DA68BCEB01016EEB0202002A4E
:10691000EADAA7F8008030F9098020F80960B8F1B8
:10692000000F5DDB606908EB48034FEAC30900EB29
:10693000C303D3F808C0D3F80CE004F10807B4F996
:106940000860D4E70023A37104F1080CB4F90830FF
:1069500010E04FF0FF384FF0FF39C0E90289B4F979
:106960000800984205D0ACF80020B4F90800C853DC
:1069700023811346B3F1FF3F35D0616903EB430236
:10698000D70001EBC20031F93220468816F4004FDF
:10699000DFD18446EDE700BF00800B40703B002054
:1069A000F8F200105C1A011024F300103567001093
:1069B000284600F07BFB3F1A66EB0106012F76F1BB
:1069C000000628DA039A01239340EB63B4F90860C8
:1069D000002EBFF6D0AEA38813F4004F3FF467AF8C
:1069E000A379002BAED1B4F90830002B13DB626918
:1069F00003EB430302EBC3039F68DE68B6F1FF3F7E
:106A000008BFB7F1FF3FD3D03A4633460399284633
:106A1000FFF75AFECCE740BF05B0BDE8F08F00BFDE
:106A2000F8B504460D4611460A4B984210D0002690
:106A30002E44012707FA05F525623046FFF710FBC3
:106A400039463046FFF7D2FA04F501542560F8BD07
:106A50000426EDE700800B40F8B504460E461746C5
:106A60001D46C160FFF7E8F9164B03442361277008
:106A7000ABB263814FF05042127862704FF6FF72F2
:106A80002281A280013B63804FF0000C08E00CF1F2
:106A9000FF300CEB4C0E636923F83E000CF1010C47
:106AA000AC45F4D3084B9E4214BF0023012307EBEF
:106AB0008303064A42F82340054A39463046FFF729
:106AC000AFFFF8BD6C26002000800B40703B00201B
:106AD00035670010F8B504460D4617460C4B984232
:106AE00014D000262E44012101FA05F3236204F597
:106AF000415213603046FFF779FA39463046FFF7C6
:106B0000F9FB2946204600F0ADFAF8BD0426E9E776
:106B100000800B4008B5054B1B690BB1034808BD4D
:106B2000034B044A6521044802F08CFB441B0020FF
:106B300064F30010441A011024F3001070B50446E9
:106B40000D46182001F024FA064670B11821284697
:106B500001F034FA70610121204600F091FA0246FA
:106B60002B4621463046FFF777FF304670BD0000C8
:106B700010B5194B984220D00446184A0178C068D5
:106B8000FFF7A8FFE268164B9A4214BF00220122C9
:106B9000237803EB8200134951F82010A14213D14E
:106BA00003EB82030F4A002142F82310606901F0D1
:106BB0001DFA204601F01AFA10BD0B4B0B4A40F2A9
:106BC0002D110B4802F03EFB0A4B084A4FF4997115
:106BD000074802F037FB00BF441B00203567001058
:106BE00000800B40703B0020E4F10010301A0110CF
:106BF00024F3001088F30010F8B504469E4600699F
:106C0000EFF3108172B6D0E8CF6F0125002EFAD1D4
:106C1000C0E8465F002EF6D1BFF35F8FB4F9025093
:106C2000666905EB4500C70006EBC000002D03DBDD
:106C300036F907C0A4F802C04FF0000C2369C3E87E
:106C40008FCF81F31088654533DB06990161079981
:106C500041618260C0F80CE0418889B20131C1F322
:106C60000E0101B9012141802846FFF742FD236949
:106C7000EFF3108272B6D3E8CFCF0121BCF1000F41
:106C8000F9D1C3E84C1FBCF1000FF4D1BFF35F8F03
:106C9000A388F353A58021690023C1E88F3F82F3C5
:106CA0001088E368217801228A4003F501535A6075
:106CB000F8BD4FF0FF30FBE770B582B006461546D1
:106CC0001C469DF8203033B900F01AFA854264EB77
:106CD000010100290ADB079B0193069B00932A46CA
:106CE00023463046FFF788FF02B070BD0020FBE767
:106CF000F0B585B005460C4616461F46FFF70AFF5D
:106D00009DF828300293019700962A462346FFF704
:106D1000D3FF05B0F0BD03464089B0EB214F31DD14
:106D200010B50A14586902EB420200EBC2001A695E
:106D3000EFF3108C72B6D2E8CF4F5FF0010E002C4B
:106D4000F9D1C2E844EF002CF5D1BFF35F8F428840
:106D500092B289B28A420FD0002019690022C1E89C
:106D60008F2F8CF3108830B1DA681B78012199409D
:106D700002F50153596010BD42F4004242800120E7
:106D80009871EAE70020704710B50446FFF7C2FE8D
:106D90002146FFF7C0FF10BD40787047F0B583B0C3
:106DA000EFF30583DBB2CBB904460D46861F41F1F4
:106DB000FF37B04271EB070301D20026374600F0DF
:106DC0009FF9301A67EB0103012873F1000308DA19
:106DD0002046294600F0A6F903B0F0BD1848FEF79A
:106DE00097FF00230093174A30463946FFF780FF8C
:106DF000002819DAECE7144B1A68EFF3108172B629
:106E0000D2E8CFCF0120BCF1000FF9D1C2E84C0F7E
:106E1000BCF1000FF4D1BFF35F8F1A680023C2E802
:106E20008F3F81F3108820BF084B5B6A9F42E2D8F6
:106E3000064A926AB242CBD29F42C9D1DBE700BF79
:106E4000C8F30010F9660010A43B002000000B40BE
:106E500038B504460D4600F053F9201845EB010102
:106E6000002902DBFFF79AFF38BD4FF0FF306FF0CB
:106E70000041F7E708B5C30E4101091A63F10003A9
:106E80009B0043EA91738900091843F10003DB007A
:106E9000C80043EA5171FFF7DBFF08BDF0B583B0CE
:106EA00005460C46EFF30583DBB293B1384B5B6AC2
:106EB0008B4209D3364A926A824208D28B4201D071
:106EC000012002E0002000E0002003B0F0BD01201E
:106ED000FBE7FFF71FFEC7680678384600F0E6F8C4
:106EE0002A1A64EB0101043657F826301B1A9A421D
:106EF00071F1000112DB20BF254B5B6A9C4209D86F
:106F0000234A926AAA4207D29C4201D00120DCE7C0
:106F10000020DAE70020D8E70120D6E7002300931D
:106F20001C4A28462146FFF7E3FE002818DD184BCF
:106F30005B6A9C4205D8164A926AAA4202D29C42D7
:106F400000D120BFFFF720FF114B5B6A9C421BD88A
:106F50000F4A926AAA4219D29C4213D00120B4E788
:106F60000B4B5B6A9C4209D8094A926AAA4207D233
:106F70009C4201D00120A8E70020A6E70020A4E75A
:106F80000120A2E70020A0E700209EE701209CE767
:106F900000000B40F9660010F0B585B006461446B7
:106FA0000C9D54EA030201D101240023AE600A9A29
:106FB0002A612C606B600B9A6A611F46002B15DBFF
:106FC00000F09EF8221847EB0103002B12DB012191
:106FD000029101950A4900913046FFF76DFEE86085
:106FE0000028D4BF0020012005B0F0BD644263EB4F
:106FF0004307E5E74FF0FF326FF00043E7E700BFDC
:10700000356700100048704700000B4010B50A4B70
:107010001B6923B10A210948FFF7EAFA10BDFFF7FF
:10702000F1FF0446032100F00BF810230322214650
:107030000148FFF711FDEDE7441B0020A43B0020B1
:1070400010B5054A054C064BA04214BF1846581C03
:10705000FEF792FE10BD00BF18F4001000800B4038
:10706000B82D002008B5044A044B904214BF1846BE
:10707000581CFEF7C1FE08BD00800B40B82D002053
:1070800030B583B0064B009303230022054D064C18
:10709000A84214BF2046601CFEF787FE03B030BD37
:1070A0003CF4001000800B40B82D00200246436ADB
:1070B000906A1946536A9942FAD17047416A00E0D2
:1070C000416A9942FCD300E0416A994202D1816A47
:1070D0009142F9D3704770B5064614461D46FFF736
:1070E000E5FF021941EB0503824273EB010102D275
:1070F0004FF0FF3213463046FFF7E0FF70BD00004F
:1071000008B50248FFF7D2FF08BD00BF00000B40E2
:1071100008B502460B460248FFF7DDFF08BD00BF79
:1071200000000B4008B502460B460248FFF7C6FFB9
:1071300008BD00BF00000B40074B98420AD01A233D
:1071400001229A40054B1A60054B9B6832EA030303
:10715000FAD170471B23F3E700800740003002405C
:107160000000024038B5046B14F0010F01D1204635
:1071700038BD00F5405340F201321A63436A856A14
:1071800005EB8315AD02062000F0EAF8044BA3FBE3
:107190000030C00AB5FBF0F00021FFF7B9FFE6E7C9
:1071A000757B2B8F70B505460C461646FFF7DAFF48
:1071B000EB6A5C40344005F58153DC60286370BDA8
:1071C00070B505460C46062000F0CAF8C300B3FBB4
:1071D000F4F30133DC0907D04FF6FE72944214D861
:1071E0002646C3F3450400E001266E62AC6200222D
:1071F00011462846FFF7D6FF062000F0B1F88000C0
:1072000004EB8614B0FBF4F070BD00244FF6FF765B
:10721000EBE7000049B10A22054B984214BF002059
:107220000120044B23F8102070474FF48072F3E7DD
:1072300000800740BC3B002038B504460D460620C0
:1072400000F08EF8F8B1114B9C421DD01A22012398
:1072500093400F4A13602046FFF76EFF002120463F
:10726000FFF7D8FF29462046FFF7AAFFE36A83F01D
:10727000700303F07E0304F58152D36040F20133C2
:1072800023630323A36438BD1B22E0E7008007408B
:107290000020024070B51646049D00EB400C4FEAFA
:1072A0008C0C0CF1804C0CF5803CDCF80420AA42DC
:1072B00001D2CCF80450A0F1040E5FFA8EFEBEF1AC
:1072C000010F28D90CF540524FF4006414601E4A97
:1072D00052F8202042B11C4C6469B4FBF2F4013432
:1072E00004EB4404033CFDD2DCF8002082EA4612A1
:1072F00002F0E0020CF580542260BEF1010F16D9B5
:107300000CF500524FF400611160CCF804500E4AA5
:1073100042F8203070BD0129D4D10CF5405203242D
:107320001460DCF8082012F0010FFAD0DCE7DCF87A
:1073300000204A4002F003022260DCF808400122EB
:107340008A401442F9D0DBE7C02D002010B582B08E
:107350004FF480340094FFF79DFF02B010BD000091
:10736000014B53F820007047C02D002070B5049CDD
:10737000344DB5FBF1FC344D1544344EB54237D88D
:10738000B2FBFCF5A5F1100EBEF5987F36D803F1DF
:10739000FF3EBEF1060F37D804F1FF3EBEF1060FE7
:1073A00032D8BCEB121F35D8240344EA03440368E7
:1073B000002B35DB264B984242D00E2301229A4007
:1073C000244B1A6003F580531A60234B9B6832EA02
:1073D0000303FAD10160856000F540520432212395
:1073E00013600368002BFCDAC4600823136070BDCF
:1073F0001A4B1B4A11211B4801F024FF1A4B184A53
:107400001921184801F01EFF184B154A1C21154878
:1074100001F018FF164B124A2321124801F012FF07
:10742000036803F03F038B42C4D18368C3F30B03AB
:10743000AB42BFD1C36803F4EE23A342BAD1D6E76F
:107440000F23BBE7001BB70080E84BD380F8A932BD
:1074500000800540002002400000024050F400106F
:10746000801A0110A0F40010E8F4001004F50010D8
:1074700050F5001070B504460D4616460023DB8A11
:10748000002242E800F212F4800F09D1102145F2E7
:10749000473098470346324629462046984770BDF4
:1074A000042145F2473098470346F4E700B587B01A
:1074B0004022052101A8FFF7DDFF052807D1019B28
:1074C000402B07D19DF8090007B05DF804FB6FF071
:1074D0000F00F9E76FF00F00F6E70000024B1A68A3
:1074E000024B5A60704700BF383B002000800D40BF
:1074F00008B5164B4FF080421A60A3F54123144A99
:107500009A6051B103F540234FF0E0621A6048B928
:10751000104B4FF000421A6008BD0C4B4FF0E06278
:107520001A60F4E74FF47A7303FB00F00A4B18601B
:10753000B0F1807F02D36FF07F421A60FFF7CEFF79
:10754000044B4FF080421A60E6E700BF00B00D40E8
:10755000F3FFFF0100A00D40383B002008B5034BAE
:10756000034ADA61FFF7C4FF08BD00BF00800D4089
:107570002131B76A10B50C4B4FF080441C6070B1DC
:1075800040F0010309480A4CC4610A4C5C400462A3
:107590004162836200211046FFF7AAFF10BD034B32
:1075A0000021D961F6E700BF00B00D4000800D401A
:1075B000D3C007B02D3FF84F08B5094B9B680BB9F6
:1075C000002008BDFFF772FF002804DB30F08003C5
:1075D00003D10120F5E70020F3E70020F1E700BF29
:1075E00000800D40054A00EB400302EB8303596025
:1075F00000EB4000800001231350704700801040D2
:107600002DE9F04105460E46174698460023DB8AD1
:10761000002242E800F212F4800F0BD1102144F254
:1076200052209847044643463A4631462846A047EA
:10763000BDE8F081042144F2522098470446F2E765
:1076400008B50023DB8A002242E800F212F4800F22
:1076500002D11021984708BD04219847FBE708B5DF
:10766000031E04DB41F020003AB141F030010A462C
:107670000A214FF48170FFF7C3FF0146F7E70000CE
:10768000034BD3F82838002BFAD0BFF35F8F704735
:1076900000000E40002207E0054B13449B00BFF39F
:1076A0005F8F002119600132072AF5D9704700BFAA
:1076B0000382031008B5FFF7EDFF08BD00207047F7
:1076C00010B504464FF050431A68114B53F822305E
:1076D00083F31088FFF7F2FF08B1002010BDE30E1E
:1076E0006101091B63F100039B0043EA9173890068
:1076F000091943F10003DB00C80043EA517105F0AA
:107700006DF808B10020E9E76FF00100E6E700BF7F
:107710002C3B002010B50446FFF7D0FF50B14FF0CE
:1077200050431A68EFF3108172B6154B43F82210DC
:10773000002010BD4FF05043186880F0010005F0A4
:107740005FF8B0B1E30E6101091B63F100039B0018
:1077500043EA91738900091943F10003DB00C80073
:1077600043EA517105F028F80028D8D16FF00100E4
:10777000DFE7044B044ABE21044801F063FD00BF6B
:107780002C3B0020E4F100108C1A01106CF5001065
:1077900010B5044608B9204610BD04F0F7FFFAE71B
:1077A000004870475C1B0020F8B506460F4614469B
:1077B000FFF7F6FF50B1054643682046984720B9C9
:1077C0003846B047AB6820469847F8BD6FF00300D5
:1077D000FBE70000074B4FF42A621A604FF48D72EA
:1077E000DA6003F50053044A1A60024B5B68002B11
:1077F000FBDA70470080044000B0FA0010B5044680
:1078000002E054F8043B9847014B9C42F9D310BD69
:10781000C0E700107047000008B50248FFF7EEFF10
:1078200008BD00BF80E7001008B50248FFF7E6FF7B
:1078300008BD00BFACE70010064B074A1A6003F50D
:107840008053064A1A60064B9A68044B9343FAD158
:10785000704700BF002002407F3BEFEFF6FFF303CD
:1078600000000240054BDB6CB3F5004F00D07047C1
:10787000034B4FF48022DA64F9E700BF0000115097
:10788000002011504FF0E022D2F8881D034B0B432B
:10789000C2F8883D10EE3004704700BF030330008B
:1078A000054B6FF060421A60044B9B68DB4333F07A
:1078B0006043F9D1704700BF003002400000024031
:1078C00008B545F25320FFF7BBFE03460420984756
:1078D00008BD08B545F25320FFF7B2FE034601206C
:1078E000984708BD08B5FEF7CFFA08BD10B50C499A
:1078F0000C4A521A92101446442A28BF442292007D
:10790000094806F0EFFC04E0084A074B43F824203E
:107910000134432CF8D9044A054B9A6010BD00BFCE
:1079200000000010100100100000002011010010E4
:1079300000ED00E038B50420FFF712FD064BA3FB75
:107940000035AD0C002404E02946E0B2FFF74AFE02
:107950000134052CF8DD38BD83DE1B4330B583B020
:10796000264B0022C3F88420FFF734FF244B01226A
:10797000DA63224B5B6C012BFBD1214B03221A6390
:107980001E4B9B6B012BFBD10224009405231D4A47
:1079900001211D48FFF7EAFC052500952B461B4AEF
:1079A00001211B48FFF7E2FC1A4B0022214604206C
:1079B000FFF7CCFC184C2346002201212846FFF794
:1079C000C5FC164D2B46002211460820FFF7BEFCD1
:1079D0002B46002211460920FFF7B8FC234600225F
:1079E00011460620FFF7B2FC23460022114607206D
:1079F000FFF7ACFCFFF79EFF03B030BD0000014075
:107A000000300140002F685900000540008C864777
:107A100000800540001BB70080D1F008006CDC023C
:107A200086B003B451FC0804CDE9020151FC0904FD
:107A3000CDE9040151EC0A04CDE9060103BCF0478D
:107A4000BDE800504EEC00C4BDE800504EEC01C44F
:107A5000BDE800504EEC02C400BD000000B5FFF7C9
:107A6000DFFF02E010FE30F4F8D441EC100443ECE8
:107A7000112400EE010410EE010480EE200451EC0C
:107A80001004704700B5FFF7CBFF02E010FE30F4A2
:107A9000F8D441EC100443EC112400EE010410EE84
:107AA000210480EE200451EC3004704700B5FFF74C
:107AB000B7FF02E010FE30F4F8D410B541EC10042A
:107AC00043EC112451EC040453EC0524A0FB024CBC
:107AD0005FF0000EE0FB03CEE1FB02CE4CEC204455
:107AE0000024E1FB03E444EC30E480EE200451EC9C
:107AF0005004BDE81040704700B5FFF791FF02E069
:107B000010FE30F4F8D441EC100443EC112451EC95
:107B10002104A0FB01126FEA820252FB100052FB0B
:107B200012F252FB1000A0EBD07C53EC04245CFB5F
:107B300013F153EC1524A1FB022001FB030053ECCD
:107B40004424A2EB000050FB1CF24FEA111312EB8D
:107B5000017043EBE27140EA515020EA915020F06D
:107B6000070053EC7524A0FB023C53EC752400FB8A
:107B700003CC01FB02CC53EC0424ACEB824C40EA76
:107B80005C70A0F1010041EC400480EE200451EC57
:107B90007004704700B5FFF743FF02E010FE30F4B9
:107BA000F8D441EC100420EE010453EC4124A2FB74
:107BB0000201A1FB03014FEAC101A1F1004162FBF7
:107BC0001122A2FB0201A1FB0301000F40EB0111F6
:107BD00051FB12F0A2EB6002A2FB03014FEA51013C
:107BE000A1FB01305CEC6404A0EB030353FB12F334
:107BF00001EB23714FEA031323F0FF0343F08003EB
:107C0000A3FB03C201FB01FCE1FB032CE1FB032C02
:107C1000ACEB000C43EA1C63A3F10B0341EC5034C2
:107C200080EE200451EC9004704700BF00B5FFF7D0
:107C3000F7FE02E010FE30F4F8D441EC100480EEC0
:107C4000220410EEB204704700B5FFF7E9FE02E02F
:107C500010FE30F4F8D440EC700400EE010410EE95
:107C6000210480EE200451EC3004704700B5FFF78A
:107C7000D7FE02E010FE30F4F8D440EC600400EED1
:107C8000010410EE210480EE200451EC3004704712
:107C900000B5FFF7C5FE02E010FE30F4F8D441EC69
:107CA000800400EE010410EE010480EE400410EEAA
:107CB0001304704700B5FFF7B3FE02E010FE30F486
:107CC000F8D441EC800400EE010410EE010480EED3
:107CD000400410EE3304704700B5FFF7A1FE02E048
:107CE00010FE30F4F8D441EC100443EC112400EE03
:107CF000010410EE3004C0F30070704700B5FFF7C8
:107D00008FFE02E010FE30F4F8D443EC102441EC76
:107D1000110400EE010410EE30F48CBF01200020AD
:107D2000704700BF00B5FFF77BFE02E010FE30F4A5
:107D3000F8D443EC102441EC110400EE010410EEE1
:107D400030F42CBF01200020704700BF00B5FFF7C2
:107D500067FE02E010FE30F4F8D441EC100443EC6E
:107D6000112400EE010410EE30F42CBF012000209D
:107D7000704700BF00B5FFF753FE02E010FE30F47D
:107D8000F8D441EC100443EC112400EE010410EE91
:107D900030F48CBF01200020704700BF0022002972
:107DA00080F2A980404261EB4101B1B3B1FA81F3A5
:107DB000083B16D4994010FA03FCC3F1200320FAC3
:107DC00003F040EA0100A2EB0302C2F195021CEBB2
:107DD0000C0C40EBC25040F0004020D0FE2A16D2DE
:107DE000704703F1210311FA03FC5CEA000CC3F1B4
:107DF000210321FA03F0A3EB020202F1B50240EBEA
:107E0000C25040F000400AD0FE2A38BF70474FF001
:107E10000040A8BFCFF68070704711460AE028BF27
:107E200020F00100FE2A38BF7047F0E7002880F2FA
:107E300033804042B0FA80F3083B0CD4984001EB09
:107E40000302C2F1950200EBC25040F00040FE2A4E
:107E500038BF704713E003F1210310FA03FCC3F1AC
:107E6000210320FA03F0A3EB010202F1950240EB9B
:107E7000C25040F0004008D0FE2A38BF70474FF093
:107E80000040A8BF40F0FF40704728BF20F001002D
:107E9000FE2A38BF7047F2E720B3B0FA80F3083B00
:107EA0000AD4984001EB0302C2F1950200EBC250E4
:107EB000FE2A38BF704711E003F1210310FA03FCDA
:107EC000C3F1210320FA03F0A3EB010202F19502B2
:107ED00040EBC25007D0FE2A38BF7047ACBF4FF00E
:107EE000FF400020704728BF20F00100FE2A38BF65
:107EF0007047F3E7002289B3B1FA81F3083B14D449
:107F0000994010FA03FCC3F1200320FA03F040EA81
:107F10000100A2EB0302C2F195021CEB0C0C40EB3A
:107F2000C2501ED0FE2A14D2704703F1210311FA69
:107F300003FC5CEA000CC3F1210321FA03F0A3EB7C
:107F4000020202F1B50240EBC2500AD0FE2A38BF4D
:107F50007047ACBF4FF0FF40002070471146FFF75D
:107F60009BBF28BF20F00100FE2A38BF7047F0E712
:107F700008B528B103460B44034A934200D808BD14
:107F80000248FDF7C5FE00BF00000820B4F5001050
:107F900070B50546084E304606F0BAFB284605F097
:107FA000F3FD0446304606F0AFFB29462046FFF7B6
:107FB000DFFF204670BD00BF38210020F8B5054620
:107FC0000E46094F384606F0A3FB3146284605F019
:107FD0009BFD0446384606F097FB06FB05F120465C
:107FE000FFF7C6FF2046F8BD3821002038B504460B
:107FF000054D284606F08CFB204605F0CDFD2846B1
:1080000006F082FB38BD00BF38210020704720B148
:1080100008B50A684968904708BD704701460020C6
:1080200008E000EB8000531C0B60137803EB400367
:10803000A3F130000A681378303BDBB2092BF0D98A
:1080400070472DE9F04F83B005460E4693461F4614
:10805000DDF830A00D9CDDF838900F9B13F0030F76
:1080600019D1A046019208E002F1010B3B463146CE
:108070002020A84708F101085A46C845F4D3DDF886
:1080800004B008E0013C02F101083B4631461AF811
:108090000400A8474246002CF4D10F9B13F0020FB6
:1080A00009D1104603B0BDE8F08F541C3B46314661
:1080B0002020A8472246A2EB0B034B45F5D3F0E75F
:1080C0002DE9F04385B099460C9D0D9C9DF83880B4
:1080D000DDF840E0119F129E16F0020F21D17FB112
:1080E00016F0010F0CD0B8F1000F02D116F00C0FF2
:1080F00006D0013F04E04FF0300C05F804C0013415
:10810000744501D21F2CF6D916F0010F09D0BC42DC
:1081100007D21F2C05D84FF0300C05F804C00134ED
:10812000F2E716F0100F14D016F4806F04D11CB1D2
:10813000744522D0BC4220D00F9B102B33D00F9B14
:10814000022B3DD01F2C0ED84FF0300C05F804C088
:1081500001341F2C07D8B8F1000F39D04FF02D0C87
:1081600005F804C0013403960297019400954B462C
:10817000FFF767FF05B0BDE8F083B4F1010C1DD037
:108180000F9B102B0ED064460F9B102BD7D116F0EF
:10819000200FD4D01F2CD2D84FF0580C05F804C0B3
:1081A0000134CFE7023C16F0200FEDD11F2CEBD8A5
:1081B0004FF0780C05F804C00134C3E76446BBE710
:1081C0001F2CD0D84FF0620C05F804C00134B9E779
:1081D00016F0040F05D04FF02B0C05F804C0013445
:1081E000C1E716F0080FBED04FF0200C05F804C010
:1081F0000134B8E7F0B591B0169C189D1B9E0CB9E0
:1082000026F0100616F4806E1DD064B34FF0000EF9
:1082100019E016F0200F24D04127BC445FFA8CFCF3
:10822000ACF10A0C5FFA8CFC0EF101070EF1400E66
:10823000EE440EF820CCB4FBF5FCAC4214D31F2F57
:1082400012D8BE466446B4FBF5FC05FB1C4C5FFA35
:108250008CFCBCF1090FDCD80CF1300C5FFA8CFC03
:10826000E2E76127D9E7274606961A9C0594199CF0
:10827000049403959DF85C400294019708AC009427
:10828000FFF71EFF11B0F0BD2DE9F04F95B009903A
:108290000A910B929846DDF878B0DDF87C90229D2B
:1082A000239F269E5BEA090201D126F0100616F4F0
:1082B000806424D05BEA09022FD000241FE016F06E
:1082C000200F28D041231344DBB20A3BDBB204F178
:1082D000010A04F150020DEB020404F8203C2A4686
:1082E0003B465846494606F00BFAAB4579EB070981
:1082F00015D3BAF11F0F12D85446834689462A4631
:108300003B465846494606F0FBF9D2B2092AD6D870
:108310003032D3B2DBE76123D5E74FF0000A06968F
:10832000259B0593249B049303959DF8803002932D
:10833000CDF804A00CAB009343460B9A0A99099818
:10834000FFF7BEFE15B0BDE8F08F00000000000092
:108350002DE9F04F93B004460D4617461E46DDE961
:108360001CAB52465B4650465946FFF7B9FC002805
:1083700040F0F3804FF0FF32AD4B50465946FFF7C7
:10838000FDFC002840F0E9804FF0FF326FF48013CD
:1083900050465946FFF7B6FC002840F0DE80002228
:1083A000002350465946FFF7ADFC002840F0E68018
:1083B000CDE906AB209B13F480630F9301D1062314
:1083C0001E93DDE9062310461946CDE90A01079BF5
:1083D00052EA030100F0DC80C3F30A50C3F3130335
:1083E000904643F07F5949F44019A0F2FF30FFF75F
:1083F0002FFC7DA3D3E90023FFF75CFB7CA3D3E92B
:108400000023FFF72FFBCDE908010022894B4046EE
:108410004946FFF73BFB78A3D3E90023FFF74AFB6C
:1084200002460B46DDE90801FFF71CFBFFF734FCB1
:108430000890FFF70DFC8046894671A3D3E900231D
:10844000FFF738FB00227C4BFFF70CFBFFF724FC07
:108450000A906DA3D3E9002340464946FFF72AFB63
:10846000804689460A98FFF7F3FB69A3D3E9002306
:10847000FFF720FB02460B4640464946FFF706FB46
:108480008046894602460B46FFF714FBCDE90C01F6
:108490000A9B03F2FF3300210022CDE90A121B05DB
:1084A0000B9300230A9342464B4640464946FFF74A
:1084B000D9FACDE9100142464B4600204FF08041E9
:1084C000FFF7E4FA8046894600225C4BDDE90C01A7
:1084D000FFF716FB00225A4BFFF7C4FA02460B4681
:1084E000DDE90C01FFF70CFB0022564BFFF7BAFA4F
:1084F00002460B46DDE90C01FFF702FB02460B4684
:1085000040464946FFF7AEFA02460B46DDE9100148
:10851000FFF7F6FA00224C4BFFF7A4FADDE90A2335
:10852000FFF7C8FA80468946CDE90A89DDE90623C6
:10853000FFF724FC50B1089B013B08930022404BFD
:1085400040464946FFF7DCFACDE90A01089B633350
:10855000C62B46D84FF004081EE0209B04931F9BB7
:1085600003931E9B0293CDE900AB33463A4629465E
:10857000204600F0FDF813B0BDE8F08F9FED267B9C
:108580008DED067BCDF818A00BF10043079311E7A2
:10859000002308934FF00408209B13F4006F5FD072
:1085A000DDE90A1213460B4313D01DA3D3E90023C0
:1085B000DDE90601FFF7CEFB002800F0B4801AA326
:1085C000D3E90023DDE90601FFF79CFB002800F05A
:1085D000AA801E9A089B9A4238DDD31A013B1E934B
:1085E00036E04FF00508D7E7FB799F501344D33F9F
:1085F000B3C8608B288AC63F61436F63A787D23FA9
:1086000071A379094F930A401655B5BBB16B02406F
:10861000EF39FAFE422EE63F0000000000000000A5
:108620002D431CEBE2361A3F0000000080842E41EF
:10863000FFFFEF7F0000F83F0000E03F00002C400C
:1086400000002440000018400000F03F00231E936B
:10865000209B43F4806320934FF00008CDF82080E6
:108660001F9B984569D2A3EB0809209B13F00203D6
:108670000C9304D0B8F1000F01D04FF00009089B13
:108680003BB1DDE90A23DDE90601FFF739FACDE95F
:1086900006010022002350465946FFF733FB00280D
:1086A0004ED1209B23F400630493CDF80C901E9BC5
:1086B00002939DED067B8DED007B33463A462946BD
:1086C000204600F055F8B8F1000F3FF454AF209B5E
:1086D00013F0200F3CD04FF0450C00F10109334658
:1086E000024629466046A047089981EAE172A2EB5A
:1086F000E1720523059308F1FF33049300230393EC
:108700000A230293CB0F0193009233464A4629462F
:108710002046FFF76FFD0C9B002B3FF42CAF024669
:10872000DDF87C901EE01E9B002B99D00F9B002B48
:1087300096D01E9B013B1E9392E74FF0000994E7F1
:10874000DDE90601024601F10043CDE90623A8E771
:108750004FF0650CC1E702F101083346294620209D
:10876000A0474246D31B4B45F5D3104603E700BF55
:108770002DE9F04F2DED028B95B007900A919246AE
:108780009B46DDE92089229D42464B4640464946AC
:10879000FFF7A6FA002835D14FF0FF326FF48013AF
:1087A00040464946FFF7AEFA00283AD14FF0FF3273
:1087B000B14B40464946FFF7E1FA002840D1AAA351
:1087C000D3E9002340464946FFF7D8FA00284DD1A7
:1087D000A7A3D3E9002340464946FFF793FA0028B0
:1087E00044D10022002340464946FFF78BFA002877
:1087F0004AD100230B93249B13F4806F00F0B580C3
:10880000002454E0249B0393239B029303230193AE
:108810009A4B00935B4652460A990798FFF711FC62
:108820001BE1249B0393239B029304230193944B0A
:1088300000935B4652460A990798FFF702FC0CE149
:10884000249B13F0040F0ED08E4B04222499039125
:1088500023990291019200935B4652460A99079828
:10886000FFF7EFFBF9E0884B0322EFE7249B04932B
:10887000239B03930295CDE900895B4652460A99F2
:108880000798FFF765FDE8E042464B4600200021CF
:10889000FFF7FCF88046894601230B93ABE704F110
:1088A00050036B44302203F8202C013D01341F2C6F
:1088B00001D8092DF3D840464946FFF7EDF90646A1
:1088C000FFF7C6F902460B4640464946FFF7DEF879
:1088D0006E4B03EBC50393ED008B53EC182BFFF7A6
:1088E000E9F802460B46CDE90823FFF7E7F907460A
:1088F000FFF7C0F902460B46DDE90801FFF7C6F8AD
:1089000002460B46CDE908230022614BFFF736FAF9
:1089100068B301373846FFF7ADF902460B4651EC14
:10892000180BFFF703FA08B1013600276DBB30467C
:10893000FFF78EF902460B4640464946FFF7A6F878
:10894000074688460022524BFFF7DCF900284CD13D
:1089500000224F4B38464146FFF710FA002844D119
:1089600016F0010F41D001363FE0062548E700220E
:10897000474BDDE90801FFF7C5F90028D6D117B14B
:1089800017F0010FD2D00137D0E71F2C17D8013DC7
:10899000404BA3FB0723DB08194603EB8303A7EB3C
:1089A0004303621C303304F150000DEB000404F863
:1089B000203C092F02D90F461446E6E714461F2C27
:1089C0000AD86B1E45B104F150026A44302102F806
:1089D000201C1D460134F2E71F2C06D804F1500379
:1089E0006B442E2203F8202C01341F2C17D82A4A5E
:1089F00082FB0632F317C3EBA2031A4603EB830391
:108A0000A6EB4303611C303304F150000DEB00046E
:108A100004F8203C16460AB10C46E6E70C46249BB7
:108A200003F00303012B39D01F2C09D80B9B002B1B
:108A300051D004F150036B442D2203F8202C013453
:108A4000249B0393239B029301940CAB00935B46FE
:108A500052460A990798FFF7F4FA15B0BDEC028B5D
:108A6000BDE8F08FAFF300800000000065CDCD4180
:108A70000000000065CDCDC1FFFFEF7F0CF60010B8
:108A800010F6001000F6001008F60010101B011080
:108A90000000E03FCDCCCCCC67666666239BB3B1CB
:108AA0000B9B1BB9249B13F00C0F12D0239B013B93
:108AB0002393194606E004F150036B44302203F877
:108AC000202C01348C42AFD21F2CF4D9ACE723996F
:108AD000F8E72399F6E7249B13F0040F07D004F17D
:108AE00050036B442B2203F8202C0134A8E7249B6D
:108AF00013F0080FA4D004F150036B44202203F8B4
:108B0000202C01349CE700BF2DE9F04F8FB0804648
:108B100017460D938946002900F04F83002508E091
:108B20006C1C3B462A464946C0470D9B01330D93BA
:108B300025460D9B1878002800F042832528EFD1A8
:108B400001330D9300261FE046F0010601320D921D
:108B5000012318E046F0020601320D92012312E0D3
:108B600046F0040601320D9201230CE046F008069F
:108B700001320D92012306E046F0100601320D92FB
:108B8000012300E000234BB30D9A1378203B102BF8
:108B9000F8D801A151F823F06D8B0010858B0010DF
:108BA000858B0010798B0010858B0010858B001051
:108BB000858B0010858B0010858B0010858B001035
:108BC000858B0010618B0010858B0010558B001079
:108BD000858B0010858B0010498B00100A930D9B2C
:108BE0001A78A2F13003DBB2092B18D92A2A1BD03C
:108BF0000A9B0B930D9B1A782E2A25D00D9A137879
:108C0000683B122B5CD8DFE803F0495BAC5B3B5B55
:108C10005B5B5B5B5B5B575B5B5B5B5BB1000DA8AE
:108C2000FFF7FCF90B90E5E7189B1A1D18921B68DB
:108C3000002B04DB0B930D9B01330D93DAE746F019
:108C400002065B420B93F6E746F480665A1C0D92CF
:108C50005A78A2F13003DBB2092B0CD92A2ACDD1E4
:108C6000189B1A1D18921C6824EAE4730A930D9B42
:108C700001330D93C2E70DA8FFF7D0F90A90BDE7C5
:108C800046F48071531C0D9353786C2B01D00E4623
:108C900016E046F4407602320D9211E046F0800173
:108CA000531C0D935378682B01D00E4608E046F014
:108CB000C00602320D9203E046F4807601320D9236
:108CC0000D9B1878672856D82528C0F06C82A0F133
:108CD0002503422B00F26782DFE813F05A02650297
:108CE000650265026502650265026502650265024C
:108CF000650265026502650265026502650265023C
:108D0000650265026502650265026502650265022B
:108D100065026502650265026502650288016801F7
:108D200088016502650265026502650265026502E9
:108D300065026502650265026502650265026502FB
:108D400065027100650265026502650265026502E1
:108D50006502650265027100AF017100880168015A
:108D6000880146F4007601320D92A9E746F4807638
:108D700001320D92A4E7782800F215826928C0F02C
:108D80001282A0F16902D2B20123934049F241025A
:108D9000134214D113F0800F40F0DF8113F4806F81
:108DA00000F00182189B1A1D1892D3F800A00A9BAC
:108DB000002B40F090814FF0FF32534674E16F2852
:108DC0003DD005D858283CD0622803D1022304E0C6
:108DD000782838D026F010060A23582835D069287C
:108DE00003D0642801D026F00C0616F4806F01D061
:108DF00026F0010669282BD0642829D016F4007FBC
:108E000040F0968016F4807F40F0AE8016F0400F60
:108E100000F0BF80189A111D1891127805960B99D1
:108E200004910A99039102930023019300923B4617
:108E30002A4649464046FFF7DDF9054629E0082362
:108E4000CBE71023C9E71023C7E746F02006C6E7A3
:108E500016F4007F21D116F4807F42D116F0400F26
:108E600058D0189A111D1891127882EAE271A1EB7C
:108E7000E27105960B9804900A9803900293D20F22
:108E8000019200913B462A4649464046FFF7B2F917
:108E900005460D9B01330D934BE6189A073222F0DD
:108EA000070202F10801189151681268084600296A
:108EB00013DB08960B9C07940A9C069404930023EA
:108EC0000593C90F0291009201903B462A464946FC
:108ED0004046FFF7D9F90546DBE7524261EB410016
:108EE000E7E7189A111D1891126882EAE271A1EB66
:108EF000E27105960B9804900A9803900293D20FA2
:108F0000019200913B462A4649464046FFF772F9D6
:108F10000546BEE716F0800F05D0189A111D18916E
:108F2000B2F90020A1E7189A111D189112689CE768
:108F3000189A073222F0070202F1080118910896E8
:108F40000B9907910A9906910021049305910291CA
:108F5000D2E90023CDE900233B462A464946404654
:108F6000FFF792F9054694E7189A111D1891059696
:108F70000B9904910A9903910293002301931368BA
:108F800000933B462A4649464046FFF733F90546DB
:108F90007FE716F0800F04D0189A111D18911288DF
:108FA0003CE7189A111D1891126837E746281AD025
:108FB000189B073323F0070303F108021892049665
:108FC0000B9A03920A9A0292D3E90023CDE9002377
:108FD0003B462A4649464046FFF7CAFB05460D9BDD
:108FE00001330D93A5E546F02006E1E7672801D09F
:108FF000472801D146F40066452801D0472801D111
:1090000046F02006189B073323F0070303F10802FC
:10901000189204960B9A03920A9A0292D3E90023BB
:10902000CDE900233B462A4649464046FFF790F9E2
:1090300005460D9B01330D937BE516F002061CD00F
:1090400001241898031D189305F1010A3B462A468E
:1090500049460078C047AEB90D9B01330D93554684
:1090600067E5551C3B4649462020C04723462A4613
:109070005C1C9A45F5D81546E3E70123DDF82CA0E2
:109080002A46F5E75246DDF82CA006E0561C3B4682
:1090900049462020C0472C463246651CA245F5D8DB
:1090A0009246D9E701330A46197811B1511E002AB8
:1090B000F8D1A3EB0A0316F4806B03D00A9A93420B
:1090C00028BF134616F0020407D00C940A9E2A46C5
:1090D0005D469B4623E00A9A6FE6CDF830B02A46FB
:1090E00025460B9C07E002F1010B3B464946202038
:1090F000C04733465A465E1C9C42F4D8DDF830B077
:109100002C4633460C940A9E5D469B4607E01E465D
:109110000AF1010A541C3B464946C04722469AF8C8
:10912000000020B1002DF3D0731E002EEFD10C9C57
:1091300015465B461CB90D9B01330D93F9E40B9E5C
:1091400006E0551C3B4649462020C04723462A4698
:109150005C1C9E42F5D81546EDE746F02106189BAB
:109160001A1D18921B680596082204920A9A039207
:10917000102202920022019200933B462A46494661
:109180004046FFF737F805460D9B01330D93D0E4B9
:109190006C1C3B462A4649462520C0470D9B01339F
:1091A0000D932546C5E46C1C3B462A464946C047FC
:1091B0000D9B01330D932546BBE4DFF82080ADE421
:1091C000BD4208D37A1E3B4649460020C047284688
:1091D0000FB0BDE8F08F2A46F5E700BF0D80001004
:1091E00000B585B002900391009313464FF0FF3213
:1091F00002A90348FFF788FC05B05DF804FB00BF37
:109200000F80001000BEFDE70346094A126842B114
:10921000074A10680344074A934206D8044A136079
:109220007047034A04491160F2E74FF0FF3070477E
:109230002437002000000820E03B002008B5FFF79D
:10924000E1FF000000B583B08C4619465AB11446C0
:10925000064B0194009363460246054800F056F918
:109260000120FFF7CFFF034B1C46F2E718F6001072
:1092700028F6001044EE001010B5EFF30583DBB2C2
:1092800003B100BEFEF7C8FA044C02E054F8043BF8
:109290009847034B9C42F9D310BD00BFC0E70010B4
:1092A000C8E7001008B5034608461B6811469847F2
:1092B00008BD0000F8B507460D461646437D13B1BC
:1092C000002420460CE003681146284698472EE00B
:1092D0003B7D10E03B68022115489847601C013433
:1092E000B44214DA002CF3DD2B1913F8013C0D2BDA
:1092F00014BF002301232A5D0A2AF0D1002BEED1EE
:10930000A042E7DA3B68211A28449847E2E7B042D6
:1093100003DA3B68311A28449847002E07DD3544AC
:1093200015F8013C0D2B14BF002301233B75F8BD3C
:10933000601B011038B50368BBB105460B4B1C68B8
:1093400006E0294651F8042B2046FFF7B3FF2469B5
:109350004CB12368002BFAD0054B1B68002BF0D0D2
:10936000A342F4D1EDE700232B6038BDFC3600208A
:109370000837002038B505460C460B68802B05D011
:1093800023685A1C22601C44257138BD0846FFF72B
:10939000D1FFF5E708B5FDF7B3FE074A821841F1A2
:1093A0000003002B03DB054805F0BEF908BD4FF0B4
:1093B000FF326FF00043F6E740420F0040210020EB
:1093C00008B5024805F0A0F908BD00BF4021002003
:1093D0002DE9F04383B006460D4690461C46FFF744
:1093E000D9FF8146B5F1FF3F04D044B1174F184B68
:1093F0001C6807E0304604F0EBFF0546F5E7154F23
:10940000F5E72469BCB12368002BFAD0124B1B6826
:109410000BB1A342F5D12A4631462046B847B8F1F0
:10942000000FEED00A238DF8073001220DF107015D
:109430002046B847E5E7B9F1000F03D1284603B04D
:10944000BDE8F083FFF7BCFFF8E700BFB59200105E
:10945000FC360020A592001008370020094A136846
:1094600002E003F110021B6943B113688342F8D193
:1094700031B90369136000230361704701B11060C3
:10948000704700BFFC36002010B5054B1C6800E09B
:10949000246924B16368002BFAD09847F8E710BD1F
:1094A000FC36002008B500F0ADF908BD38B505461A
:1094B00004F08EFF044601231A4601462846FFF7B2
:1094C00087FFFFF7E1FF204638BD0000F0B5A3B0ED
:1094D00004460E46FFF75EFF05460023019301AFE9
:1094E0003346224639460848FFF77AFE0446384696
:1094F000FFF720FFFFF7C8FF15B9204623B0F0BDE6
:10950000FFF75EFFF9E700BF759300100FB400B5D9
:1095100083B004A951F8040B0191FFF7D7FF03B002
:109520005DF804EB04B0704770470000014B002267
:109530001A707047DA3B00204B79FF2B0BD18B79E7
:109540005BB9CB79012B0AD1082A0AD98A78064B54
:109550001A700920704700207047002070470020D3
:1095600070470020704700BFDA3B002001207047A1
:10957000012923D108B59188114B1B78994201D05C
:10958000002008BD5378012B03D0022B0FD0002000
:10959000F7E7518811F4807F06D0480AC1F34022D2
:1095A00001F07F01FEF75BF84FF0FF30F6E7642231
:1095B00000210846FDF7DEFF0120E2E701207047A9
:1095C000DA3B0020004870472C1C011001290FD104
:1095D00008B594465378012B0CD19388072B01D002
:1095E000002008E0A623044A614601F0EFFB02E0F8
:1095F00001207047002008BD841B01100123037067
:1096000000487047641B011008B50B68B3F5966FEE
:1096100000D008BD002211464FF0FF30FEF71FF8C2
:10962000024B1860024B1960704700BFAC2D002040
:10963000B02D002008B5FDF763FD0E4A821841F1F8
:109640000003002B11DB0C4805F06EF860B100211F
:109650004FF0FF3001F042FA002001F03BFD0028FE
:10966000F5D1054805F050F808BD4FF0FF326FF016
:109670000043E8E740420F00A83B002038B5184BF4
:109680001B681BB3EFF3108272B6D3E8CF0F012132
:109690000028FAD1C3E8401F0028F6D1BFF35F8F3E
:1096A0000F494A6000230F4803700968C1E88F3FE3
:1096B00082F31088002400250B4B1878FCF776FC09
:1096C00040B9002400252046294638BD4FF47A745D
:1096D0000025F1E7044B1878FCF792FCF3E700BF94
:1096E000683B0020DC3B0020DB3B002008B5024B40
:1096F0001878FCF785FC08BDDB3B002070B584B012
:10970000064614461D46FDF7FBFC221845EB0103F7
:10971000002B0BDB9DF82810029109990191089903
:1097200000913046FDF7C8FA04B070BD4FF0FF322B
:109730006FF00043EEE7F0B585B005460C461646DF
:109740001F46FDF7E7F99DF8283002930197009630
:109750002A462346FFF7D2FF05B0F0BD10B582B010
:109760000021224804F0FCFF00BB214B1B68DBB149
:10977000EFF3108272B6D3E8CF0F01210028FAD19F
:10978000C3E8401F0028F6D1BFF35F8F18494A6035
:1097900018480378DBB20124047008680021C0E88F
:1097A0008F1F82F31088BBB102B010BD00214FF0B3
:1097B000FF3001F093F9002001F066FC04460B48ED
:1097C00004F0A2FF002CEFD00B4B1B68002BEBD05A
:1097D0000A4A10689847E7E700940B46084A4FF496
:1097E0007A700021FFF7A7FFDEE700BFA83B00204B
:1097F000683B0020DC3B0020AC2D0020B02D002079
:109800007D96001010B582B04FF050431C68FDF7F4
:1098100081F9FDF7C1FAA0422DD1244B1B7800211C
:10982000084602F0F9F8224B1B6853B30120FCF7FD
:10983000B9FEC0B21F4C20701F49FCF711FC01217A
:109840002078FCF7D3FB0E20FCF7EEFB0446E0B1DA
:109850000120FCF7FFFA01461848FCF711FF00222F
:1098600017490E20FCF72CFC01211648FFF7F6FDE6
:10987000204602B010BD144B144AC6211448FFF70D
:10988000E1FC0B48FCF7BAFED0E70C4A002313605A
:109890005360012200920F4A4FF47A700021FFF7C3
:1098A0004AFFC443E40F002CE2D0DDE73C22011064
:1098B000A83B0020DB3B00205D970010683B0020A8
:1098C000ED960010681B0020E4F100105C1C0110F4
:1098D00058F600107D96001008B5002001F0BAFB84
:1098E00008BD000038B504460D46FFF7F5FF90B3FC
:1098F000002001F0C9FB88B3FDF702FC1A4A821868
:1099000041F10003002B16DB184804F00DFF40B3B3
:10991000FFF7E2FF18B1002001F0B6FB80B900218B
:109920004FF0FF3001F0DAF86FF002040F4804F056
:10993000EBFE204638BD4FF0FF326FF00043E3E707
:109940002A462146002001F0ABFB04460028EDD159
:109950006FF00204EAE76FF00204EAE76FF0020436
:10996000E7E76FF00204E4E740420F00A83B002065
:10997000F8B507460D46FDF7C3FB2E4A821841F1A4
:109980000003002B04DB2C4804F0CEFE28B9F8BD00
:109990004FF0FF326FF00043F5E7FFF79DFF00281F
:1099A00045D1264B00200021C3E90001224804F0E4
:1099B000ABFEECE700214FF0FF3001F08FF8002004
:1099C00001F088FBFFF788FF0028EFD0002001F0AE
:1099D000FFFBF8B1AC42E9DA2E1B002001F0F8FBE6
:1099E000864200DC30460028E4D0024639190020C7
:1099F00001F0CCFB064600214FF0FF3001F06EF87D
:109A0000002001F067FB3444FDF77AFB0B4BC3E900
:109A10000001DFE7FDF774FB084A13685268084E3F
:109A20009B1942F1000283428A41D3D2BEE700244F
:109A3000D0E700BF40420F00A83B002030230020A9
:109A400020A1070000487047D81C0110004870474B
:109A5000841C011010B50446144B1B786BB18CB9F3
:109A6000134B40F209425A80012301335B009BB241
:109A70000F4843F44073038010BD11210B4800F0E0
:109A800047F8ECE7052C0ED80A4B53F824000023C6
:109A9000122BEAD8C25C002AE7D00133044921F82E
:109AA0001320DBB2F4E70020E6E700BFC03B002054
:109AB000D03600206C1C011000B58BB045F2473049
:109AC000FDF7BEFD03460122092101A8984704289D
:109AD00001D100230EE00A4B0A4A2F210A48FFF762
:109AE000B1FBC3F10F0228326A4412F8241C074A62
:109AF000D1540133072BF4DD0BB05DF804FB00BF3C
:109B0000E8F600100C1D0110F0F60010983B002044
:109B100008B511B18C46002208E0104B104A3B21D9
:109B20001048FFF78FFB3733835401320CF1FF33BA
:109B300093420FD90F2A0DD853080B49CB5CD14360
:109B400001F0010189000B4103F00F03092BEADC4E
:109B50003033E9E70023835408BD00BF40F700100D
:109B6000EC1C0110F0F60010983B002030B400F01F
:109B70007F05C3094FEA450C0CEBD01C244C04EBC9
:109B80004C1C8CF8020083F001008CF801000020CE
:109B90008CF80300ACF818108CF81B20DBB9EA0035
:109BA0001C49114403EB4500194A02EB4012916035
:109BB00003EB4501164A02EB411292680021116045
:109BC0007DB903EB4502124B03EB42135960124A75
:109BD000DA6030BC7047114901EBC501CCF80810C0
:109BE000E6E753B96A1ED2000D49114403EB450361
:109BF000074A02EB43135960EBE7691E094A02EB7F
:109C0000C10203EB4501024B03EB41135A60E0E74D
:109C100028370020840010500001105080001050A0
:109C20000C0010500800105008B5038B3F3323F090
:109C30003F03C27E022A08D008490A68C260134462
:109C40000B60074A934202D808BD5B00F4E7054B5E
:109C5000054A52210548FFF7F5FA00BF4C3B0020AA
:109C6000FF0F105054F90010941D011098F90010C6
:109C700070B500F07F054FEA450C0CEBD0130C4C8F
:109C800004EB4314FFF772FF05B970BD218B20462A
:109C9000FFF7CAFFE27EE36883F0A04383F48013FA
:109CA00043EA826343F0004362681360EDE700BF5C
:109CB0002837002008B500F07F035B0003EBD010CD
:109CC000024B03EB401000F01BF908BD28370020C1
:109CD00008B520B901210E20FCF788F908BD034B17
:109CE000034A40F297110348FFF7ACFA08FA001054
:109CF000841D011098F9001008B528B900221146FA
:109D00008020FFF7D7FF08BD034B044A40F2A111A2
:109D10000348FFF797FA00BF08FA0010741D0110FE
:109D200098F90010024B4FF48032DA64704700BF9C
:109D30000020115070B548BB064600F0C1F8174C22
:109D40000C23A367FF2216490E20FCF7B9F9402522
:109D50002A460021134804F0EFF900222946104654
:109D6000FFF786FF002229468020FFF781FF04F0DD
:109D7000DFFC012525644FF00053E3640A4BC4F86F
:109D800090303046FFF7CEFF284670BD074B084A9B
:109D900040F263110748FFF755FA00BF0000115069
:109DA000ED0900202837002010D0010008FA00102B
:109DB000A81D011098F90010044B197021B1044B33
:109DC0004FF40032C3F89020704700BFD53B00200D
:109DD000002011500B7813F07F0F02D14B78052B28
:109DE00000D070474B88DBB2014A1360F9E700BF2F
:109DF00000001150CA7802F00302012A09D008B508
:109E00000B468988C1F30A019878FFF731FF0120DA
:109E100008BD0020704708B504F08AFC08BD0000AA
:109E200010B530B9084611461A46FFF743FF012026
:109E300010BD034B034A4FF401710348FFF702FAC8
:109E400008FA0010641D011098F9001008B511F00F
:109E50007F0304D1CA090ED10220084A90665B0034
:109E600003EBD1134FF400620021054800EB4310CF
:109E700004F056FC08BD0120EFE700BF00201150A0
:109E80002837002008B511F07F0300D108BD5B0022
:109E900003EBD113044800EB43100022C2706FF4AF
:109EA000006104F03DFCF1E72837002004E011F8E0
:109EB000012B00F8012B1A46531E002AF7D17047D8
:109EC00008B54FF080530A4A136002F580521360C0
:109ED000084B9B6813F0805FFAD04FF4805200214A
:109EE000054804F029F9054B09225A6708BD00BF4F
:109EF00000200240000002400000105000001150FD
:109F000070B504460D461646837EABB9A682002383
:109F1000E3820123A3762561204604F0E1FB20B112
:109F20000B4B4FF40032C3F89020204604F010FC95
:109F300050B10123237770BD81780648FFF7E6FA18
:109F4000204604F0C9FBE1E7204604F0D1FBF2E72C
:109F500000201150F8FA001038B50546002408E03A
:109F6000D21A1B4B03EB4213DB6828469847013497
:109F7000E4B2184B1B782246591CA14215DBA342C0
:109F8000EED9154B1B6813EB4413EDD140F225229B
:109F900012491348FFF7BAFA4FF0E023D3F8F03D27
:109FA00013F0010F13D000BE11E00E4C542200211B
:109FB000204604F0C1F84FF0FF336360A360E36014
:109FC00023612022FF2104F1140004F0B5F838BD0C
:109FD0007C1E0110D43B0020C8240020481E011024
:109FE00030FB00109826002008B5FFF7B5FF00F001
:109FF00043FF08BD70B505460C461646486900F09B
:10A0000045FF6369324601212846984770BD00002C
:10A010002DE9F04F83B08246481EC0B2FFF716FD0F
:10A0200020B1834643780193022B11D040F2D632FF
:10A0300062496348FFF76AFA4FF0E023D3F8F03D36
:10A0400013F0010F00D000BE002003B0BDE8F08F78
:10A05000C279C2F340105B4B197860F30411197098
:10A06000C2F38012C9B262F3451119700BF10908ED
:10A07000BBF802309B447BE098F8033098F800204E
:10A0800090447DE040F2F1324C494D48FFF73EFAF2
:10A090004FF0E023D3F8F03D13F0010F00D000BEE5
:10A0A0000020D2E7F31A484A02EB4319D9F81030DE
:10A0B0002A46414650469847082801D985421ED273
:10A0C0000134E4B2414B1B7826465A1CA2424ADBBB
:10A0D000A342E7D93E4B1B6813EB4419E6D140F28B
:10A0E000FA3236493648FFF711FA4FF0E023D3F839
:10A0F000F03D13F0010F00D000BE0020A5E73B4665
:10A100004F468146012B11D000218B4224D998F86B
:10A1100002200A44D2B22B4810440079FF280BD108
:10A120002848024414710131C9B2EEE73969294A5D
:10A130009142E9D1019BE7E740F219421F492048CB
:10A14000FFF7E4F94FF0E023D3F8F03D13F0010FEF
:10A1500000D000BE002078E723464A4641461E480C
:10A1600001F066FDC844194B1B7801339E4212DC96
:10A17000D84520D298F801300B2B3FF47DAF012356
:10A1800098F80120042A7FF47DAFABEB0805ADB24F
:10A1900000241F4696E74FF4856208490848FFF7F8
:10A1A000B5F94FF0E023D3F8F03D13F0010F00D0E4
:10A1B00000BE002049E7012047E700BF1C1E011038
:10A1C00030FB0010982600207C1E0110D43B00209C
:10A1D000C824002049B30010AC2600207047704707
:10A1E000002070470020704738B505460C464B8864
:10A1F0001A0AD8B2531E0E2B64D8DFE803F0082DDC
:10A200004E6363592D636363636363632200FFF7E7
:10A2100019FC024628B112232146284600F0D6FD3B
:10A2200051E040F23A422C492C48FFF76FF94FF0C9
:10A23000E023D3F8F03D13F0010F00D000BE002062
:10A2400041E0FFF7BFF9024600283DD04388214690
:10A25000284600F0BBFD36E0022A09D0FFF7C2FF16
:10A26000024698B353882146284600F0AFFD2AE005
:10A27000FFF7ECFB02460028F4D140F26142164998
:10A280001648FFF743F94FF0E023D3F8F03D13F001
:10A29000010F00D000BE002015E0A188FFF7DAFB17
:10A2A0000246A8B103782146284600F08FFD0AE057
:10A2B000FFF796FF024668B103782146284600F072
:10A2C00085FD00E0002038BD0020FCE70020FAE713
:10A2D0000020F8E70020F6E7041E011030FB001014
:10A2E0007047704770477047034B5878C0B20038CA
:10A2F00018BF0120704700BF98260020024B187835
:10A30000C0F38000704700BF98260020024B1878E9
:10A31000FF3818BF012070479C1B0020F8B5064687
:10A320000D46FFF7F3FF0746002854D105B354222A
:10A330000021374803F000FF364B00221A70364CDC
:10A340002046FCF75BF9354B1C60354C2046FCF78A
:10A350009FF9143C204602F025F8324B1C60324B2A
:10A3600023B13248FFF74AF9314B1860002417E057
:10A370004FF4E9722F493048FFF7C8F84FF0E02357
:10A38000D3F8F03D13F0010F25D000BE23E0D21A20
:10A390002A4B03EB42135B687BB198470134E4B26C
:10A3A000224B1B782246591CA14216DBA342EED950
:10A3B0001F4B1B6813EB4413EDD14FF4F8721D498A
:10A3C0001D48FFF7A3F84FF0E023D3F8F03D13F05A
:10A3D000010F00D000BE3846F8BD194B1E7029464B
:10A3E0003046FFF7A7FC074618B13046FFF770FC70
:10A3F000F1E74FF4FC720F490F48FFF787F84FF071
:10A40000E023D3F8F03D13F0010FE4D000BEE2E703
:10A4100098260020D63B002090260020EC26002025
:10A42000941B0020F0260020FD950010D43B002056
:10A43000C82400206C1E011030FB00107C1E01108F
:10A440009C1B002070B51A4B1E788B7813F0700F90
:10A450000ED10C46174B9978204601F079FB054642
:10A46000B0B121463046FFF7C5FC0546284670BD11
:10A4700040F20B5210491148FFF748F84FF0E02323
:10A48000D3F8F03D13F0010F00D000BE0025EDE73A
:10A4900040F20C5208490948FFF738F84FF0E02322
:10A4A000D3F8F03D13F0010FE0D000BEDEE700BFAF
:10A4B0009C1B002098260020D41D011030FB0010AA
:10A4C0002DE9F84F80460C4616461F46DDF82890C9
:10A4D000DDF82CA0002526E040F2E7421F49204885
:10A4E000FFF714F84FF0E023D3F8F03D13F0010F1D
:10A4F00000D000BE4FF0000B5846BDE8F88F4FF477
:10A500009D6216491648FFF701F84FF0E023D3F893
:10A51000F03D13F0010FEFD000BEEDE78AF80030F8
:10A5200023781C440135AE4214DD6378052BD3D16A
:10A53000E17801F00301B942CED121464046FFF750
:10A5400081FF83460028DAD0A378DA09E6D189F8BA
:10A550000030E5E74FF0010BCEE700BFE41D01102E
:10A5600030FB001008B501F07F00400000EBD11077
:10A570003030044B1844044B1968043001F0A2FA3F
:10A5800008BD00BF98260020EC26002008B501F089
:10A590007F00400000EBD1103030044B1844044BD6
:10A5A0001968043001F0B6FA08BD00BF98260020F3
:10A5B000EC26002070B51F48007801F07F051E4C86
:10A5C00004EB450C0CEBD11C9CF8344014F0010F4B
:10A5D0001FD1CE09184C04EB4504344494F834C020
:10A5E0004CF0010C84F834C03034FFF719FCF8B992
:10A5F000227922F001022271227922F004022271D2
:10A600004FF0E023D3F8F03D13F0010F10D000BE5F
:10A610000EE040F2395209490948FEF777FF4FF042
:10A62000E023D3F8F03D13F0010F00D000BE00206E
:10A6300070BD00BF9C1B002098260020C41D011087
:10A6400030FB001038B501F07F05CC090A4B1878B3
:10A65000FFF7FCFB094B03EB4503234493F834203D
:10A6600042F0020283F8342093F8342042F00102D1
:10A6700083F8342038BD00BF9C1B002098260020A2
:10A6800038B501F07F05CC090A4B1878FFF7FAFBC3
:10A69000094B03EB4503234493F8342022F00202D4
:10A6A00083F8342093F8342022F0010283F8342018
:10A6B00038BD00BF9C1B00209826002001F07F02BF
:10A6C000044B03EB420303EBD11191F83400C0F3C8
:10A6D00040007047982600202DE9F04182B00646E0
:10A6E0000C46002000F0D2FB237803F06003602BBF
:10A6F00021D0402B32D0227802F01F02012A00F034
:10A700000181022A00F04281002A40F0C981202BF9
:10A710002ED0002B4DD16378092B00F2E880DFE8C2
:10A7200013F0D300C300E600B300E6005200AD0012
:10A73000E60061006E004FF43572B249B248FEF790
:10A74000E5FE4FF0E023D3F8F03D13F0010F00D009
:10A7500000BE0025284602B0BDE8F081AB4800F0FD
:10A7600095FB224601213046FEF730FF0546F1E712
:10A77000A388DBB20F2B00F29D81A54A13441B79FD
:10A78000A44A1278934206D2A34A116811EB4311EE
:10A7900009D10025DEE7511C9942C0F28D819B1A38
:10A7A0009E4901EB431122463046FFF723FC054644
:10A7B000D0E74FF0E023D3F8F03D13F0010F00D0C5
:10A7C00000BE0025C6E7204600F066FB6188C9B2DE
:10A7D0003046FFF791FA8E4A137843F00203137064
:10A7E0000125B7E78A4B5B788DF8063001230DF120
:10A7F00006022146304600F0E9FA0125AAE76588FD
:10A80000EDB2834B5B78AB4232D0814B5B785BB966
:10A810007F4B5D7055B329463046FFF7F9FB05467F
:10A8200090B1FFF75DFD23E000213046FFF7C4FA49
:10A830003046FFF7F0FA764F97F802803046FFF780
:10A840008BFB87F80280E3E74FF449726D496E484D
:10A85000FEF75CFE4FF0E023D3F8F03D13F0010F5C
:10A8600000D000BE6A4B00225A7073E7FFF739FD33
:10A870002146304600F096FA01256BE72146304626
:10A88000FFF7B2FC054665E76388012B01D0002580
:10A8900060E75F4A137843F008031370214630469F
:10A8A00000F080FA012555E76388012B01D00025CF
:10A8B00050E7574A137823F00803137021463046B7
:10A8C00000F070FA012545E7514B1A78930803F020
:10A8D0000203C2F340121343ADF8063002230DF118
:10A8E00006022146304600F071FA012532E74FF0AA
:10A8F000E023D3F8F03D13F0010F00F0DF8000BE3D
:10A90000002527E7A388DBB20F2B00F2D980404A4D
:10A9100013441B793F4A1278934222D23E4A11686F
:10A9200011EB431100F0CE8022463046FFF762FB68
:10A93000054600287FF40EAF237813F0600F7FF4F4
:10A9400009AF63780A3B012B3FF604AF00F09EFA93
:10A9500063780A2B0ED02146304600F023FA0125F9
:10A96000F8E6511C9942C0F2AF809B1A2B4901EBCB
:10A970004311D9E700238DF8063001230DF10602BB
:10A980002146304600F022FA0125E3E6A288D1B242
:10A9900002F07F05C2F3C01012F0700F17D11C4AED
:10A9A00002EB45020244127D1A48007882421ED210
:10A9B0001948056805EB421593B3002D00F0868019
:10A9C000224629463046FFF715FB0546C2E640F20F
:10A9D00095320C490C48FEF799FD4FF0E023D3F86F
:10A9E000F03D13F0010F00D000BE0025B2E6451C7B
:10A9F000954204DB121A094D05EB4215DCE70025F0
:10AA0000DAE700BF301E011030FB0010CD950010BA
:10AA100098260020D43B0020C82400207C1E011072
:10AA20006378012B10D0032B0ED07BBB3046FFF791
:10AA300045FEADF8060002230DF106022146304620
:10AA400000F0C4F9012585E6628822B9012B19D0EE
:10AA50003046FFF7F7FD002D3AD022462946304612
:10AA6000FFF7C8FA002000F011FA1B4B93F835509D
:10AA700015F001057FF46EAE2146304600F092F9E4
:10AA8000012567E63046FFF7FBFDE4E74FF0E023E2
:10AA9000D3F8F03D13F0010F00D000BE002559E6B9
:10AAA0004FF0E023D3F8F03D13F0010F12D000BEB9
:10AAB00000254FE600254DE600254BE6002549E63A
:10AAC000002547E6002545E6002543E6002541E64A
:10AAD00001253FE600253DE69826002010B584B00C
:10AAE000FFF714FC48B904B010BD9DF80400FFF74F
:10AAF0007BFA9DF80820854B9A70854B1C6863692A
:10AB0000EFF3108272B6D3E8CF0F01210028FAD1FB
:10AB1000C3E8401F0028F6D1BFF35F8FA26101A9EF
:10AB2000204601F0E7FB6169A3690022C1E88F2F8D
:10AB300083F310880028D6D09DF80530013B072B01
:10AB400000F2DA8001A252F823F000BFEBAA001055
:10AB50006DAB0010E5AC0010ABAC0010C5AC001044
:10AB60007BAB001011AC0010D7AC00109DF80400B6
:10AB7000FFF73AFAFFF7B5FBBFE7664B1B78002BF0
:10AB800036D0644A1378013BDBB213701378002B84
:10AB9000B3D15E4B1A7842F001021A7093F8342058
:10ABA00022F0010283F8342093F8342022F00402CA
:10ABB00083F8342093F8352022F0010283F8352001
:10ABC00093F8352022F0040283F8352002A99DF87D
:10ABD0000400FFF781FD00288FD100219DF80400BB
:10ABE000FFF734F980219DF80400FFF72FF984E77F
:10ABF00040F2652248494948FEF788FC4FF0E023BF
:10AC0000D3F8F03D13F0010F3FF46DAF00BE6AE7DB
:10AC10009DF8081001F07F00CC093C4B03EB40038A
:10AC200003EBD11393F8342022F0010283F834208F
:10AC300093F8342022F0040283F83420A8B1334B77
:10AC400003EB400323441B7D354A1278934214D210
:10AC5000344A126812EB431317D09C69039B9DF88A
:10AC600009209DF80400A04747E7039B9DF80920B1
:10AC70009DF8040000F01EF93FE7501C984204DBE9
:10AC80009B1A294A02EB4313E7E74FF42472224947
:10AC90002248FEF73BFC4FF0E023D3F8F03D13F0E1
:10ACA000010F3FF420AF00BE1DE7184B1B7813F0D7
:10ACB000010F3FF422AF154B1878C0F3C000FFF727
:10ACC00011FB1AE7114B1B7813F0010F3FF415AF7E
:10ACD000FFF709FB11E7029B002B3FF40EAF03982F
:10ACE00098470AE7094BDB7813F0010F3FF405AFF3
:10ACF0000298FFF774FA00E74FF0E023D3F8F03D35
:10AD000013F0010F3FF4F9AE00BEF6E698260020DE
:10AD1000F0260020D63B00205C1E011030FB001006
:10AD2000D43B0020C82400207C1E011008B591F9F6
:10AD30000030002B05DB802100231A46FFF73AFC88
:10AD400008BD0021F8E70000F8B50746134B9E89BF
:10AD5000DD89741BA4B2402C28BF402493F9003035
:10AD6000002B08DB0021AE4213D00D4A23463846A3
:10AD7000FFF720FCF8BDAE4209D0084B9968402C83
:10AD800009D82246064803F0ADFA8021EBE780217E
:10AD9000E9E70022EAE70020ECE700BF58260020A0
:10ADA0001826002008B586460B46074A94460868D0
:10ADB0004968ACE8030000219160D1819181194676
:10ADC0007046FFF7B3FF08BD5826002038B505468A
:10ADD0008C46264CA64608684968AEE80300A26087
:10ADE0000021E181BCF806108B4228BF0B46A381ED
:10ADF000BCF8061029B303B132B12846FFF7A4FF0F
:10AE0000044680B1204638BD722219491948FEF720
:10AE10007DFB4FF0E023D3F8F03D13F0010F00D09D
:10AE200000BE0024EEE7742211491248FEF76EFBC3
:10AE30004FF0E023D3F8F03D13F0010FE2D000BE55
:10AE4000E0E761462846FFF771FF04460028D9D1A4
:10AE5000762207490748FEF759FB4FF0E023D3F865
:10AE6000F03D13F0010FCDD000BECBE758260020F7
:10AE7000D41E011030FB0010034B00221A605A60F0
:10AE80009A60DA601A61704758260020014B1861F9
:10AE9000704700BF582600200146054B1A4600683F
:10AEA000496803C200229A60DA819A81704700BF24
:10AEB0005826002038B505461C463D4B1B78DB095B
:10AEC000B3EBD11F1CD07CB19D223A493A48FEF722
:10AED0001DFB4FF0E023D3F8F03D13F0010F00D03D
:10AEE00000BE0024204638BD314C2146FEF772FFDB
:10AEF00023691BB122460321284698470124F1E724
:10AF00002B4B93F90030002B07DB294B9868002866
:10AF10004CD02246294903F0E5F9254AD38913FA92
:10AF200084F39BB2D381916821449160D28893428B
:10AF300001D03F2C26D81E4B1B6923B11C4A02218D
:10AF400028469847A0B11A492846FFF7EFFE044665
:10AF50000028C7D1C52217491748FEF7D7FA4FF086
:10AF6000E023D3F8F03D13F0010FBBD000BEB9E7EA
:10AF700000212846FEF76AFF80212846FEF766FF7B
:10AF80000124AFE72846FFF7DFFE04460028A9D1D9
:10AF9000CD2208490848FEF7B9FA4FF0E023D3F86C
:10AFA000F03D13F0010F9DD000BE9BE7002499E710
:10AFB00058260020BC1E011030FB0010182600206F
:10AFC00070B50546FFF790F910B90024204670BD12
:10AFD000FFF794F904460028F7D11C4BC82202FB66
:10AFE0000533DB78002BF0D0C82605FB06F61036BB
:10AFF000164B1E44304601F067F93F28E6D9134B43
:10B00000C82202FB0533D9780020FFF7ABFA08B954
:10B010000446DBE7304601F057F93F280DD90B49CC
:10B02000C82303FB05114023094A02EBC512C97866
:10B030000020FFF7BFFA0446C8E7044BC82202FB12
:10B040000533D9780020FFF7A1FABFE7502500208B
:10B05000CC24002010B50446FFF746F908B90020BB
:10B0600010BDFFF74BF948B9064BC82202FB043369
:10B070001B7913F0010F03D00120F1E70020EFE767
:10B080000020EDE75025002008B5C82303FB00F0A1
:10B090001030024B184401F0E6F808BD502500209E
:10B0A00038B50446C82300FB03F31033084818449E
:10B0B0004FF6FE739A4208D892B201F03AF905466B
:10B0C0002046FFF77DFF284638BD4FF6FF72F4E7B4
:10B0D0005025002070B50546FFF706F908B9002095
:10B0E00070BDFFF70BF90028F9D1C82405FB04F463
:10B0F0002034224B1C440434204601F0B4F808B933
:10B100000020EDE71D4BC82202FB05339978002093
:10B11000FFF728FA08B90020E2E7EE014036184BA5
:10B120001E4440223146204601F003F90446D8B1BE
:10B130001249C82303FB05110346324689780020D3
:10B14000FFF738FA08B12046CAE7D5220D490E4864
:10B15000FEF7DCF94FF0E023D3F8F03D13F0010FD8
:10B1600000D000BE0020BBE7044BC82202FB053321
:10B1700099780020FFF70AFA0020B1E75025002057
:10B18000CC240020041F011030FB001070B50546D0
:10B19000C82400FB04F420340C4B1C4404344FF648
:10B1A000FE739A420BD892B2204601F0F6F806469A
:10B1B000204601F058F83F2804D8304670BD4FF6BD
:10B1C000FF72F1E72846FFF785FFF6E750250020DC
:10B1D00008B5C82303FB00F02030034B18440430AB
:10B1E00001F072F808BD00BF502500202DE9F043A2
:10B1F00083B0C8220021244802F09EFF0025234B83
:10B200001D7015B103B0BDE8F0831F4FC82405FBC6
:10B2100004F43E19FF2373714FF4E133B3604FF030
:10B22000000886F80C8086F80D800823B37304F1BB
:10B23000380104F11000CDF8008001234022394488
:10B24000384400F0DFFF04F1780104F120003844B5
:10B250000123009340223944043000F0D3FF04F16D
:10B26000B809B9444846FBF7C9F9C0343C44204604
:10B27000FBF7C4F9C6F81C80C6F820903463C6F802
:10B2800034800135EDB2BCE7502500204C2500206C
:10B2900000230BB1012070479C460C4AC82101FBDA
:10B2A0000322116A106B31B1084AC82101FB032245
:10B2B0000021D161116230B1044AC82101FB0C2286
:10B2C0000021116351630133DBB2E2E75025002016
:10B2D00038B5002404B138BD2546C82304FB03F368
:10B2E000174958180022CA500271164B1B7813F0E8
:10B2F000010F11D0134B1B7813F0020F15D0C82388
:10B3000003FB05F020300E4B18440121043001F0FE
:10B3100064F80134E4B2DDE7C82304FB03F310331F
:10B320000846184401F03EF8E4E7C82005FB00F0A9
:10B330002030034B1844043001F034F8DFE700BF3D
:10B34000502500204C2500202DE9F04182B04B799A
:10B35000022B7DD106468B79022B7ED100273FB18F
:10B360008FB98B7888F800300B78CC1809251EE04F
:10B37000C8203B4B00FB073898F80230002BEFD079
:10B380000137FFB2EBE740F2411236493648FEF78B
:10B39000BDF84FF0E023D3F8F03D13F0010F00D0DB
:10B3A00000BE002555E023781D44ADB21C446378EF
:10B3B000242B01D19542F6D9052B09D06378042BB3
:10B3C00002D163790A2B20D03846FFF7F9FD40E01F
:10B3D00021463046FFF736F838B1A37888F80130B7
:10B3E00023781D44ADB21C44E8E740F253121D49D6
:10B3F0001D48FEF78BF84FF0E023D3F8F03D13F033
:10B40000010F00D000BE002523E021780D44ADB22D
:10B4100008F10203019308F10303009302231A4683
:10B4200021443046FFF74CF810B10E35ADB2CBE7F2
:10B430004FF4B1720B490C48FEF768F84FF0E02367
:10B44000D3F8F03D13F0010F00D000BE002500E05E
:10B450000025284602B0BDE8F0810025F9E700BFCD
:10B4600050250020F81E011030FB0010137803F067
:10B470006003202B76D170B59446002454B1002C83
:10B4800072D19CF80130203B032B6FD8DFE803F02A
:10B4900010283456C82304FB03F3384A03EB020E8A
:10B4A000D25CBCF804309A42E9D00134E4B2E5E75A
:10B4B000012903D0032909D0012056E007230EF10A
:10B4C00008026146FFF782FC01204EE02C4B002B66
:10B4D0004ED00EF108012046FEF796F8012044E018
:10B4E000012901D0012040E007230EF10802614646
:10B4F000FFF76CFC012038E0012903D0032906D0B6
:10B50000012032E06146FFF74DFC01202DE0BCF840
:10B51000023003F00105C3F340068EF8043085F0D5
:10B5200001010EF1240000F058FF164B13B3324610
:10B5300029462046AFF30080012016E0012903D000
:10B54000032906D0012010E06146FFF72BFC012003
:10B550000BE00D4B83B1BCF802102046AFF3008026
:10B56000012002E000207047002070BD0020FCE7B1
:10B570000120FAE70120F8E70120F6E75025002036
:10B580000996001000000000000000002DE9F84FAF
:10B5900080460D461F4600245CB1BCB9A246F37834
:10B5A000AB4223D0B378AB4255D001242046BDE84E
:10B5B000F88FC8233C4E03FB0466F378AB42ECD013
:10B5C000B378AB42E9D00134E4B2E5E74FF4E67278
:10B5D00036493748FDF79AFF4FF0E023D3F8F03DA6
:10B5E00013F0010F00D000BE0024DFE706F1100BBE
:10B5F000BAB2304901EBC411584600F0CEFE2E4BD2
:10B60000DBB17379FF2B18D04FF0000901E009F18D
:10B610000109B94511D27279264B03EBCA1313F80D
:10B6200009309A42F3D1584600F031FE0028EED19D
:10B6300071792046AFF30080E9E7204B1BB15846F3
:10B6400000F025FE18B12046FFF7BAFCAAE7204615
:10B65000AFF30080F7E71A4B13B12046AFF3008039
:10B660002046FFF737FD08B101249FE706F12400CB
:10B6700000F0F9FDA0B9AFB117F03F0F01D00124E0
:10B6800094E7B1784046FEF76DFF044608B90124FF
:10B690008CE700231A46B1784046FEF78BFF85E71A
:10B6A000012483E7012481E750250020E81E0110D2
:10B6B00030FB0010CC24002000000000000000003F
:10B6C0000000000090B90A4B4FF4137101FB0033E6
:10B6D00093F8293133B9064B01FB00335B791BB179
:10B6E00001207047012070470020704700207047FC
:10B6F0004028002008B10020704708B54FF41372AD
:10B70000034902FB0011043100F02CFB08BD00BF0F
:10B71000402800202DE9F04784B04FF41372002137
:10B720001E4802F009FD002414B104B0BDE8F08702
:10B730004FF4137504FB05F505F5A473174F3B444F
:10B740000433E601DFF858A00AEBC41205F5947043
:10B750004FF04009CDF80C9002924FF48078CDF86C
:10B760000480009300231A461946384400F085FAF5
:10B7700005F120033B4408334E445644E819CDF804
:10B780000C900296CDF80480009300230122194604
:10B79000043000F072FA0134E4B2C5E7402800201A
:10B7A000C027002070B500240CB1012070BD4FF4FB
:10B7B000137504FB05F505F59470054E304400F053
:10B7C00086FAA819043000F082FA0134E4B2EBE7FB
:10B7D000402800202DE9F04100250DB1BDE8F081A1
:10B7E0004FF4137405FB04F40B4E04EB060800271A
:10B7F000375504F59870304400F0D4FD04F108008A
:10B800003044043000F0CEFD88F8297188F80570C6
:10B810000135EDB2E1E700BF402800204B79FF2B56
:10B8200040F094802DE9F04780460F460C780C4498
:10B83000A518002616B10020BDE8F0873046FFF7B6
:10B8400041FF10B10136F6B2F4E74FF4137306FB73
:10B8500003F33F4A03EB0209B978D1542AE0AC4222
:10B8600071D221464046FEF7EDFD70B30136F6B2C7
:10B87000A378DB0938D109F5947A09F5987000F0BE
:10B8800091FDA37889F82931A388C3F30A03B3F59E
:10B89000007F14BF0023012399F8282163F341029C
:10B8A00089F828215146404600F0A8FA00283BD0EC
:10B8B00023781C443B79B34245D96378052BCED01D
:10B8C000AC42CCD223781C44F7E7E022214922483D
:10B8D000FDF71CFE4FF0E023D3F8F03D13F0010F0D
:10B8E00000D000BE0020A7E709F10C0000F05AFDCF
:10B8F000A37889F80530A388C3F30A03B3F5007F62
:10B9000014BF0023012399F8042063F3410289F84E
:10B9100004200F48A9EB00008010104B03FB00F03F
:10B92000C0B2FFF7E7FEC3E7E8220A490A48FDF77D
:10B93000EDFD4FF0E023D3F8F03D13F0010F00D000
:10B9400000BE002078E7E11B88B275E70020704751
:10B95000402800201C1F011030FB00109B1DB50863
:10B960002DE9F04105461F4600245CB1002C48D16A
:10B97000A04696F829318B4213D073798B422BD095
:10B9800001203FE04FF413731F4E03FB046696F84B
:10B9900029318B42EAD073798B42E7D00134E4B28B
:10B9A000E3E7B6F834317BB9184B33B1BAB2184972
:10B9B00001EBC8112046AFF3008006F594712846CC
:10B9C00000F01CFA01201DE0BAB2D6F82C1106F5E1
:10B9D000987000F0E2FCE7E70E4B1BB1B9B22046CD
:10B9E000AFF3008004363146284600F0BBF908B1B9
:10B9F000012007E03A463146284600F06BF9012065
:10BA000000E00020BDE8F081402800200000000098
:10BA1000C02700200000000010B582B051B10A46D6
:10BA2000012824D80B7813B323490B54012B2FD0B2
:10BA300001242AE001238DF8043000208DF8050050
:10BA400001A9FEF76BFC044618B11B4B01221A70CA
:10BA50001BE0472219491A48FDF758FD4FF0E02333
:10BA6000D3F8F03D13F0010F0FD000BE0DE05A22C5
:10BA700012491348FDF74AFD4FF0E023D3F8F03D9B
:10BA800013F0010F00D000BE0024204602B010BD0C
:10BA90001146FEF743FC04460028F6D15F22074911
:10BAA0000748FDF733FD4FF0E023D3F8F03D13F0E6
:10BAB000010FEAD000BEE8E78C2600209C1F011091
:10BAC00030FB001070B50446037813F001001FD15D
:10BAD0000D462378C3F3800613F0040F19D14FF0FD
:10BAE000FF31284602F000FE237813F0010308D14D
:10BAF000227812F0040F09D1237843F00403237055
:10BB00000126284602F000FE304602E01E46F8E715
:10BB1000002070BD70B505460C464FF0FF31204641
:10BB200002F0E2FD2B78C3F3800613F0040F04D17A
:10BB3000204602F0E9FD304670BD2B7813F0010F6E
:10BB400004D12B7823F004032B70F1E70026EFE7F4
:10BB500008B58388C3F30A02C37803F00303022BFA
:10BB60001DD0032B44D0012B5BD1022905D040F21C
:10BB7000FF33934204D3012054E04FF48063F8E78D
:10BB8000D12229492948FDF7C1FC4FF0E023D3F821
:10BB9000F03D13F0010F00D000BE002042E002296A
:10BBA00003D0402A15D801203CE0B2F5007F01D136
:10BBB000012037E0D8221C491C48FDF7A7FC4FF0B4
:10BBC000E023D3F8F03D13F0010F00D000BE0020B9
:10BBD00028E0DB2214491548FDF798FC4FF0E023DC
:10BBE000D3F8F03D13F0010F00D000BE002019E0A3
:10BBF000022904D04023934204D3012012E04FF4E1
:10BC00008063F8E7E12208490848FDF77FFC4FF020
:10BC1000E023D3F8F03D13F0010F00D000BE002068
:10BC200000E0002008BD00BF881F011030FB00109D
:10BC30000A4404E05DF804FB91F800C061449142BD
:10BC40001AD291F801C0BCF1050FF5D100B591F8F9
:10BC500002C00CF07F0E00EB4E0E4FEADC1C0EF81B
:10BC60000C3091F800C061449142E3D291F801C0D8
:10BC7000BCF1050FF5D1EAE77047F0B583B0044693
:10BC80001746089DBDF8246090F800C061F3000CD1
:10BC900000F808CB009301233246294600F0B2FA9F
:10BCA00005B13EB90A9B6360BDF82C30638001206A
:10BCB00003B0F0BD04F11C052846FAF79FFC27B13C
:10BCC0002B4600256361A561ECE70023FAE701201C
:10BCD00070470000F8B506460C4615460B7813F081
:10BCE000020F10D04FF4007704F1080000F0BBFA07
:10BCF00068BB75B3013F2F422DD1237813F0010F9C
:10BD000003D0002024E04027EEE761783046FEF7BC
:10BD100029FC0028F5D0237813F0010F0FD04FF441
:10BD2000B5720E490E48FDF7F1FB4FF0E023D3F852
:10BD3000F03D13F0010F00D000BE002008E000230A
:10BD40001A4661783046FEF735FC08B9E7E700206F
:10BD5000F8BD0020FCE70020FAE700BF641F0110D7
:10BD600030FB001070B506460C4601F10805284668
:10BD700000F079FA00283BD0237813F0010F01D0AE
:10BD8000002070BD61783046FEF7ECFB0028F7D04C
:10BD900062886168284600F0CCFA0546E8B123784D
:10BDA00013F0010F0FD04FF4BC7212491248FDF787
:10BDB000ADFB4FF0E023D3F8F03D13F0010F00D0BE
:10BDC00000BE0020DDE70346626861783046FEF77A
:10BDD000F1FB0028E7D02846D3E7237813F0010FC2
:10BDE00001D00020CDE761783046FEF7CFFBF8E7C1
:10BDF0000020C6E7481F011030FB0010F8B50646CA
:10BE00000C468B895BBB0B7813F0010F01D000202F
:10BE1000F8BD4978FEF7A6FB0028F8D063882278A1
:10BE200012F0010F0FD04FF4D97238493848FDF79E
:10BE30006DFB4FF0E023D3F8F03D13F0010F00D07D
:10BE400000BE0020E4E761783BB162683046FEF74F
:10BE5000B1FB0028E7D06088DAE70022F6E70B782C
:10BE600013F0020F0ED04FF4007504F108073846A6
:10BE700000F02AFA854247D8237813F0010F03D047
:10BE80000020C5E74025F0E761783046FEF76AFB01
:10BE90000028F5D0384600F017FA854229D86D42BF
:10BEA000ADB2628805EA0003934228BF13461D46DF
:10BEB000237813F0010F0FD040F2C7121349144832
:10BEC000FDF724FB4FF0E023D3F8F03D13F0010F12
:10BED00000D000BE00209BE7617845B162682B4628
:10BEE0003046FEF767FB0028E6D0284690E70022A0
:10BEF000F5E7237813F0010F01D0002088E761787F
:10BF00003046FEF743FBF8E7002081E72C1F0110C5
:10BF100030FB001003460A4490B2814202D8B0EBD5
:10BF2000430F03DB5B009BB2C01A80B2704710B5B1
:10BF300086460846BEF804C09A420CD3D41AA4B26E
:10BF400024B3A44514D294450CD8A2EB0C0293B2AE
:10BF5000AEF80A300CE0D41A4FEA4C0111FA84F41E
:10BF6000A4B2EDE7624493B2F2E7A3EB0C039BB2F9
:10BF70009C45FAD9DEF80010BEF80620C2F30E0286
:10BF800002FB031102F0AEF9012010BD0020FCE716
:10BF90002DE9F84304460D469DF82080B0F804C012
:10BFA000ACEB030080B2A3EB0C0C94441FFA8CFCA6
:10BFB000E188C1F30E0EF1461EFB00F71EFB0CFEDE
:10BFC000216809FB0311B8F1000F09D1BFB21FFAB4
:10BFD0008EF6904206D309FB02F2284602F082F95F
:10BFE000BDE8F8833A46284602F07CF932462168DB
:10BFF000E81902F077F9F3E730B583B09E46BDF853
:10C000001830B0F804C09E4511D3AEEB0304A4B2BF
:10C0100024B3A44507D2F44511D8AEEB0C0E1FFA99
:10C020008EF343816446944210D314460EE0AEEB87
:10C0300003044FEA4C0515FA84F4A4B2E8E7E64499
:10C040001FFA8EF3EDE7A3EB0C039BB29C45FAD9E4
:10C050009DF81C2000922246FFF79AFF204603B06D
:10C0600030BDF0B583B004460D4616461F46006944
:10C0700018B14FF0FF3102F037FB2389628992B289
:10C08000019700929BB2324629462046FFF7B4FF43
:10C0900005466189024689B2A088FFF73BFF6081AF
:10C0A000206908B102F030FB284603B0F0BD2DE94D
:10C0B000F04104460D469DF818E0B0F804C0ACEB22
:10C0C000030189B2A3EB0C0C94441FFA8CFCC688C4
:10C0D000C6F30E00804610FB01F710FB0CF086B291
:10C0E000206808FB0300BEF1000F07D1BFB29142E8
:10C0F00006D308FB02F2294602F0F4F8BDE8F0810D
:10C100003A46294602F0EEF83246E919206802F074
:10C11000E9F8F3E72DE9F04383B09146002A6FD0A8
:10C12000044688461F46C06818B14FF0FF3102F040
:10C13000DBFA2689B6B2B4F80AC01FFA8CF1E379AB
:10C14000DB091BD1A5888E4210D3A6EB010C1FFA88
:10C150008CFC654552D9A5EB0C05ADB24D4528BF09
:10C160004D46002D42D0A288334631E0A6EB010CAB
:10C170006B0013FA8CFC1FFA8CFCEAE7A5884D458E
:10C1800009D8FFB9A9EB0509E388C3F30E0303FB44
:10C1900009880E46E5E78E420ED3731A9BB24B44D4
:10C1A000B3EB450F10DBA5EB090292B22846FFF76F
:10C1B000B1FE06464D46D4E7731A6A0012FA83F3BD
:10C1C0009BB2ECE70E46CCE74D46CAE79B1A9BB202
:10C1D0009A42FBD900972A4641462046FFF767FF5F
:10C1E0002A463146A088FFF795FE2081E06808B115
:10C1F00002F08AFA284603B0BDE8F0830025F5E78F
:10C200001546F7E7B2F5004F29D8F8B504460F46B2
:10C2100015461E46C06818B14FF0FF3102F064FAAF
:10C22000206918B14FF0FF3102F05EFA2760A58057
:10C23000E38866F30E03E380E3799DF8182062F348
:10C24000C713E371002363812381E06808B102F022
:10C250005BFA206928B102F057FA0120F8BD0020EE
:10C2600070470120FAE70246808813899BB2528901
:10C2700092B2934205D39B1A9BB2984228BF1846AC
:10C2800070479B1A420012FA83F39BB2F5E70289CA
:10C2900092B243899BB29A4214BF0020012070479A
:10C2A000818803899BB2428992B2934206D39B1A3A
:10C2B00098B281428CBF0020012070479B1A4A002F
:10C2C00012FA83F398B2F4E7828803899BB241891A
:10C2D00089B28B4206D35B1A9BB29A4208D9D01A14
:10C2E00080B270475B1A510011FA83F39BB2F4E7F6
:10C2F0000020704738B504460D46006918B14FF06C
:10C30000FF3102F0F1F9228963899BB292B229468A
:10C310002046FFF70CFE05466189024689B2A088D7
:10C32000FFF7F8FD6081206908B102F0EDF92846B9
:10C3300038BD08B50023FFF794FE08BDF8B50446E4
:10C340000E46C06818B14FF0FF3102F0CDF92589D3
:10C35000ADB22046FFF7A4FF10B1E779FF0916D070
:10C36000A2882B4601E09B1A9BB29A42FBD9206817
:10C37000E288C2F30E02314602FB030001F0B2FF75
:10C3800001222946A088FFF7C5FD20810127E0682A
:10C3900008B102F0B9F93846F8BD08B50023FFF737
:10C3A000B9FE08BD10B50446C06818B14FF0FF31A2
:10C3B00002F09AF9206918B14FF0FF3102F094F9B8
:10C3C000002363812381E06808B102F09DF92069B0
:10C3D00008B102F099F9012010BD38B504460D46A8
:10C3E000C06818B14FF0FF3102F07EF9206918B132
:10C3F0004FF0FF3102F078F9E37965F3C713E37189
:10C40000E06808B102F080F9206908B102F07CF917
:10C41000012038BD03BD0000024B186801301860D0
:10C4200040BF7047A01B002010B50446FBF7FCF985
:10C43000A04710BD10B5F9F783FC0446054B1B68F7
:10C440001BB12046F9F78EFC10BD0248FAF7D6F86A
:10C45000F7E700BF403B002010B50B460B490968C9
:10C4600039B10246094802F067F9044640B920464E
:10C4700010BD074B074A40F249110748FCF7E2FE9E
:10C48000FFF7CAFF014802F03FF9F0E7403B002008
:10C4900048FB0010B01F011070FB00104FF050431C
:10C4A0001B6D13F0020FF9D04FF05043586540BF99
:10C4B0007047000070B5054616461C46FAF720FE88
:10C4C000301844EB0101002908DA4FF0FF306FF01B
:10C4D000004103E0002300E00023CBB94FF0504CB3
:10C4E000DCF8503013F0020F0DD10A4B5B6A994211
:10C4F000F2D8084A926A824203D29942EAD00123D2
:10C50000EBE70123E9E7CCF8545040BF012070BDB0
:10C510000020FCE700000B4000E020BF4FF050433C
:10C520001B6D13F0010FF8D04FF05043986D70471A
:10C5300070B504460D461646FAF7E2FD241845EBA1
:10C540000105002D0DDB4FF050431B6D13F0010F63
:10C550000CD120462946FAF7A1FC0028F3D0002090
:10C5600009E04FF0FF346FF00045ECE74FF0504327
:10C570009B6D3360012070BD2DE9F04182B006460D
:10C5800014461D461920F9F711FD804608B9002709
:10C5900005E000211920F9F729FDF8E7DFB9FAF7DE
:10C5A000AFFD221A65EB0103002B14DB3046FFF7C9
:10C5B00081FFFAF7A5FD201A65EB010100290ADBCE
:10C5C0000023019301AAFFF7B3FF20B1019BB342FF
:10C5D000E4D10746E2E7B8F1000F03D1384602B0D4
:10C5E000BDE8F08101211920F9F700FDF6E7000010
:10C5F00070B505460C46FFF71DFF2A4623460B483B
:10C6000002F09AF8064608B9304670BDFFF704FFFD
:10C610002A462346FFF7B0FF064618B1034802F04A
:10C6200073F8F1E7FFF7F8FEF8E700BF403B0020A2
:10C6300010B5134B4FF080725A60124B5B6813F0C9
:10C64000807FFAD01920F9F7B1FC044600211920A7
:10C65000F9F7CCFC0C4B00225A700C4B4FF0807257
:10C660005A60FFF759FF20B921461920F9F7BEFC9F
:10C6700010BD074B074A86210748FCF7E3FD00BFC2
:10C6800000A0014000800140483B002000B0014074
:10C69000C0FB0010F81F011070FB00102DE9F041E5
:10C6A00086B004460F4690461920F9F77FFC0646EF
:10C6B00000211920F9F79AFC002500950195012326
:10C6C0000293CDF80C80049705940DE04FF0504391
:10C6D0009B6D4FF050431B6D13F0010FF6D140BF1F
:10C6E00009E00135052D0FD806AB03EB850353F8A0
:10C6F000184C002CEDD02046FFF7D0FEFFF70CFFC2
:10C700008442EED00025EDE731461920F9F76EFCA2
:10C7100006B0BDE8F081000008B512F0030F11D19A
:10C7200022F003028B180A4A926843F80C0C43F873
:10C73000081C084943F8041CA3F10C010648FFF744
:10C74000ADFF08BD054B064A8E210648FCF77AFD71
:10C7500000ED00E029C4001015C40010CCFB00104F
:10C76000D41F011070FB001008B5064A064B9A4210
:10C7700005D311464FF40062FFF7CEFF08BD4FF01E
:10C78000FF31F7E7000808200000082010B5FFF788
:10C7900051FE4FF050431C6805491920F9F760FC21
:10C7A00001211920F9F722FC024B01221A5510BD74
:10C7B000A1100020483B002038B504460D46FAF78A
:10C7C0009FFC201845EB0101002902DBFFF710FF59
:10C7D00038BD4FF0FF306FF00041F7E738B5044641
:10C7E0000D46FAF78DFC201845EB0101002902DB0C
:10C7F000FFF732FE38BD4FF0FF306FF00041F7E732
:10C80000014B185C704700BF483B0020014B18608B
:10C81000704700BF8C2A0020014B1868704700BF8A
:10C820008C2A002010B582B0684600F081FE69466F
:10C83000034800F083FE00B1014802B010BD00BF04
:10C840006021002010B5FFF7E7FF044600F0BAFBB7
:10C85000054B9C4200D010BD23685B6B2046984777
:10C860000020FFF7D3FFF6E76021002010B5FFF7A7
:10C87000D3FF044628B1204600F088FB40B10020D9
:10C8800010BDFFF7CFFF044638B1FFF7BFFFF2E757
:10C89000FFF7D8FF4FF0FF30F2E74FF0FF30EFE740
:10C8A00038B5D0F84C48A4B10546216831B1636869
:10C8B000A268114800F024FA0023236094F90C00C8
:10C8C000002807DA94F90D0000280CDA0023C5F8D7
:10C8D0004C3838BD00F02AFA94F90C0000F01EFA2A
:10C8E000FF232373EEE700F021FA94F90D0000F026
:10C8F00015FAFF236373E9E710200110016000239C
:10C900008360037301224273837303828374C3744D
:10C91000C0F84C38704708B5FFF7C2FF08BD0000EB
:10C920002DE9F04104461820002545EC44002A4634
:10C930002946F9F743F91726012747EC44602A46B0
:10C9400029463046F9F73AF945EC40602146204641
:10C95000FFF7D4FF84F85058C4F85858C4F85C580E
:10C9600084F8695884F86A5884F86B58032384F86B
:10C97000703884F8715884F87258034B1D6084F83D
:10C980006878BDE8F08100BFEC2D002010B50446AA
:10C9900000F04CFB0B4B1B6883B10021204600F0DC
:10C9A00059FB0121204600F055FB2046FFF7B3FF5D
:10C9B0002046FFF7B5FF00F043FB10BD00F040FB41
:10C9C000FBE700BFEC2D0020002202604260826085
:10C9D000C2604FF4803202604FF4F83242604FF48C
:10C9E000802282604FF4402282607047D0F8683124
:10C9F00023B111F0010F06D00020704711F0040F91
:10CA000003D000207047012070470120704708B50F
:10CA1000C979FFF7EBFF08BD70B504460D46164611
:10CA2000FFF7F5FFD0B195F90530002B01DBB342DC
:10CA300017D104F12F4000F56000000D0A4B53F8A8
:10CA400020102A7901239340013B03FA06F20A429F
:10CA500001D1002070BD6FF00800FBE76FF00A0005
:10CA6000F8E76FF00A00F5E7B4270020F8B50646AE
:10CA70000D461746FFF7D0FF28BB034608E00CEB36
:10CA8000070403EB070C0CF1120C46F82C400133A1
:10CA90002A799A4207D92A6832F813C0BCF5005F98
:10CAA000EDD36446EDE701239340013B06F12F46A9
:10CAB00006F56006360D044951F82620BB401A439E
:10CAC00041F826203846F8BDB427002010B50A7971
:10CAD000202A19D800F12F4000F56000000D154BF9
:10CAE00053F8204001239340013B91F905100029A0
:10CAF00010DB0846C2F12002914218DC8B40234231
:10CB000001D04FF0FF3010BD0B4B0C4A43210C48B5
:10CB1000FCF798FBC2F12000002805DB03FA00F2C5
:10CB20002242F0D00138F7E76FF00800EBE74FF052
:10CB3000FF30E8E7B4270020E8FB001038200110A0
:10CB400014FC001008B500F12F4000F56000000D46
:10CB500001EB80010148F9F74FF908BDBC2D002019
:10CB600010B582B000F12F4000F56000000D840088
:10CB7000074B0093E31C22460648F9F716F9844256
:10CB800002DC001B02B010BD4FF0FF30FAE700BF1F
:10CB90005CFC0010BC2D0020F8B505460E46F9F7E8
:10CBA000CFF8074631462846FFF790FF041E04DA07
:10CBB0003846F9F7D7F82046F8BD224631462846D0
:10CBC000FFF754FF0446F3E738B504460B79012517
:10CBD0009D40013D9540F9F7B3F804F12F4303F56B
:10CBE00060031B0D094A52F8232035EA020107D1E0
:10CBF00022EA0502054941F82320F9F7B3F838BDC8
:10CC0000034B044ACB210448FCF71CFBB42700204B
:10CC100080FC00102420011014FC001010B5044604
:10CC2000F9F78EF804F12F4303F560031A0D002382
:10CC3000074941F8223006E003F01F0103F1120218
:10CC400044F8221001331F2BF6D9F9F78BF810BDE9
:10CC5000B427002070B584B005460C46164602681D
:10CC60000121A14022EA01020260ABB31A46196811
:10CC700004EB440300EBC303C3F8C8109168C3F886
:10CC8000D0105168C3F8CC10D268C3F8DC2004EB94
:10CC90004403DB00D0332B4403F580534FF00042B4
:10CCA0001A601A604FF00133A340AB60221D0123CC
:10CCB00003FA02F205F500510A6004F108029340FC
:10CCC0000B6006F01F0604EB440405EBC405C5F831
:10CCD000D860002004B070BD6846FFF775FE04EB15
:10CCE000440305EBC303009AC3F8C820029AC3F8B3
:10CCF000D020019AC3F8CC20039AC3F8DC20C6E701
:10CD000038B50C4615461A4601462046FFF75CFF2B
:10CD100029462046FFF716FF38BD000008B501463A
:10CD20000148F9F769F808BDD23B0020830103F1FF
:10CD3000A0431969103381EA4031114A0A4003F5D2
:10CD400080531A60002307E04FEA031C0121814051
:10CD50000C4A42F80C100133032BF5D90122824012
:10CD60004FF0A043C3F86424830103F1A043DB68C0
:10CD700013F0806FF8D14FF0A043C3F80024704740
:10CD800001E001000434005008B50C4B1B688342DD
:10CD900007D10B4B99420AD103685B6A094998474E
:10CDA00008BD094B094A70210948FCF74BFA094BA9
:10CDB000064A71210648FCF745FA00BFE82D00201D
:10CDC000B81B0020A41B0020D0FC0010782001100C
:10CDD000F0FC001044FD001070B505460C461646E8
:10CDE000FAF78EF9F30E4FEA461CBCEB060C63F122
:10CDF00000039B0043EA9C734FEA8C0C1CEB060C6F
:10CE000043F10003DB0043EA5C734FEACC0C10EB08
:10CE10000C0043EB0103002B07DBA060E3602B68F1
:10CE20005B6921462846984770BD4FF0FF306FF090
:10CE30000043F2E710B54FF050431A68124B1B68DD
:10CE40009B7E9A4213D10446104B1B6873B1104A63
:10CE5000126812B1013A0E490A6098470C4B1B68E0
:10CE60005BB923689B690B492046984710BD0A4B64
:10CE70000A4A60210A48FCF7E5F9322205492046B2
:10CE8000FFF7AAFFF2E700BFE82D0020EC2D0020FD
:10CE9000F02D0020B81B002064FD0010942001102C
:10CEA000F0FC001008B5024602211820F8F7A2FE97
:10CEB00008BD000008B54FF050431A680C4B1B68C2
:10CEC0009B7E9A420ED140220A494FF08070F8F7BB
:10CED000B9FE0120FFF7E6FF01211520F9F786F8DA
:10CEE000002008BD044B054A41210548FCF7AAF97A
:10CEF000E82D002005CF001064FD0010A4200110D3
:10CF0000F0FC001008B54FF050431B682BB1094BE3
:10CF1000DB6B13F0020F02D108BD074BF8E70020CE
:10CF2000FFF7C0FF054B186803685B6A0449984720
:10CF3000F2E700BF9082024048820240E82D0020C4
:10CF4000A41B002008B54FF050431A680A4B1B6819
:10CF50009B7E9A4209D10020FFF7A4FF07494FF0BA
:10CF60008070F8F78FFE002008BD054B054A4B2165
:10CF70000548FCF767F900BFE82D002005CF001039
:10CF800064FD001064200110F0FC001010B5044690
:10CF90000848FFF7C5FC084B1C6023681B6900228A
:10CFA0000649204698472368DB690549204698478B
:10CFB000012010BDF42D0020E82D0020B5CE00107A
:10CFC000A41B0020114B1B68FBB110B50446834223
:10CFD00015D103689B690E49984723681B6A0D4960
:10CFE0002046984723681B6900220B492046984732
:10CFF0000A48FFF7CBFC054B00221A6010BD084B16
:10D00000084AD2210848FCF71DF97047E82D002096
:10D01000B81B0020A41B002045CF0010F42D0020D9
:10D02000D0FC001050200110F0FC001008B5034B9C
:10D03000186803685B68984708BD00BFE82D0020AA
:10D0400008B5034B186803689B68984708BD00BF84
:10D05000E82D0020704738B505460C468B69C86935
:10D06000984720622B681B6A21462846984704F19E
:10D07000100001F081FB38BD08B5303001F064FBD1
:10D0800008BD000008B590F8353043B190F9343050
:10D090004FF0504292F900209A4200D108BD014859
:10D0A000F8F736FE44EE001070B584B00446FFF782
:10D0B000E9FFA27E4FF050431B689A422AD0294BC9
:10D0C000294AFE212948FCF7BDF8236C002B01DC1E
:10D0D00004B070BD216C206AF9F71DFE00232364A3
:10D0E000F6E7236C002B38DCA562E662012384F8A6
:10D0F0004A300023029301941D4B00932A46334685
:10D10000206AF9F7D9FD2064236C002BE0DC0023B2
:10D1100084F84A30204600F0EBFA05460E46F9F74F
:10D12000EFFF281A66EB0102012872F10002F1DB21
:10D13000104B1A685B68B34208BFAA42C5D094F886
:10D140004A30002BCDD0A26AE36AAA1A66EB030329
:10D15000012A73F10003C4DBBAE7216C206AF9F7F6
:10D16000DAFDC1E7A4FD001050210110CCFD001034
:10D17000A1D20010781A011010B582B00446827E48
:10D180004FF050431B689A4211D0416C002913DCC8
:10D1900001940B4B009300220023206AF9F72CFD29
:10D1A000606404F1380001F0E7FA02B010BD90F8B5
:10D1B0004900F8F725FFF4E7006AF9F7ACFDE7E767
:10D1C000A1D2001038B5044690F83530012B06D0B6
:10D1D000002504F1300001F0B3FA75B938BD827E44
:10D1E0004FF050431B689A4203D000F0A1FA054665
:10D1F000EFE7FFF759FF0025EBE72046FFF7BCFFFD
:10D20000ECE70000F0B58BB004460D461646817E73
:10D210004FF050431B6899422BD090F934205BB2F9
:10D22000934220D001AF24220021384600F084FF31
:10D23000154B02930795089605AD0122002128465B
:10D24000F9F7C6F92368DB69394620469847236811
:10D250005B6A394620469847284601F089FA099DBD
:10D2600028460BB0F0BD094B094A94210948FBF749
:10D27000E9FF303001F068FA3046A84705462046FD
:10D28000FFF7A0FFECE700BF57D0001038FE0010FA
:10D2900064210110CCFD001008B5FFF793FF08BD15
:10D2A00008B5084600234B6481F84A30FFF764FF55
:10D2B0000020002108BD08B501230B72FFF75CFFB9
:10D2C00008BD000010B5044690F84900A0B14FF029
:10D2D00050431B68A27E9A420FD10021F8F786FEC8
:10D2E000094994F84900F9F705F894F84900F9F765
:10D2F0004FF9002384F8493010BD044B044AB7218C
:10D300000448FBF79FFF00BF81D3001080FE001090
:10D31000E4200110CCFD001038B54FF050431B68DD
:10D32000827E9A4216D10446FFF7CCFF236C002B75
:10D3300016DC94F84830C3B904F13005284601F0F2
:10D3400003FA284601F0FCF950220021204600F0A3
:10D35000F3FE38BD074B084AED210848FBF772FF82
:10D36000216C206AF9F7D7FCE3E7206AF9F700FCA3
:10D37000E2E700BFA8FE0010F8200110CCFD00106D
:10D3800038B5EFF30583DBB23E3B052B18D8154AC1
:10D3900052F823409CB1A27E4FF050431B689A4242
:10D3A00015D104F130050021284601F0D5F930B13E
:10D3B00094F83530012B11D0284601F0C1F938BD61
:10D3C000094B0A4A40F223110948FBF73BFF094B7E
:10D3D000064A4FF493710648FBF734FF2046FFF7E7
:10D3E00063FEE9E7902A0020D0FE0010C82001105B
:10D3F000CCFD0010A4FD001008B5383001F0B4F9E0
:10D4000008BD08B510461946EFF30583DBB213B12A
:10D41000F9F788FE08BDF9F7C1FCFBE738B504460B
:10D420000D46303001F090F92946204600F0FBF817
:10D4300005462046FFF7C6FE284638BD38B50446E7
:10D440000D46303001F080F92946204600F0DCF826
:10D4500005462046FFF7B6FE284638BD38B50446D7
:10D460000D46303001F070F92946204600F0BCF836
:10D4700005462046FFF7A6FE284638BD38B50446C7
:10D480000D46303001F060F92946204600F09CF846
:10D4900005462046FFF796FE284638BD10B50446DF
:10D4A000F9F7B0FD2146F9F749FB10BD38B54FF04B
:10D4B00050431B68827E9A421FD104460D460020CD
:10D4C000F9F770F8002824DB84F84900A0F12E0356
:10D4D000052B18D8104A42F823401049C0B2F8F77B
:10D4E000BFFD012194F84900F8F780FD294694F822
:10D4F0004900F8F7BBFF012038BD094B094AA821B4
:10D500000948FBF79FFE094B064AAD210648FBF789
:10D5100099FE0020F0E700BF902A002081D3001080
:10D5200080FE0010B4200110CCFD0010D0FE0010D1
:10D53000FF220270002242607047000070B504466E
:10D540000D465022002100F0F7FD1B4B2360032302
:10D5500023834FF050431B68A3766B68ABB1236203
:10D56000A67E206AF9F718FC86421ED101221146D8
:10D5700004F13800F9F72CF804F13000F9F74BF812
:10D5800029782046FFF792FF70BDF9F7C3FA2062B1
:10D59000A67EF9F701FC8642E2D00420FFF77EFF69
:10D5A0002062012384F84830DAE7044B044ADE2184
:10D5B0000448FBF747FE00BF9821011000FF001050
:10D5C00024210110CCFD001000F10802836801E065
:10D5D0001A461B6823B113688B42F9D100207047AB
:10D5E00011600B600120704700F10802836801E0C0
:10D5F0001A461B6833B113688B42F9D10B6813606C
:10D600000120704700207047021D436801E01A4660
:10D610001B6823B113688B42F9D100207047116059
:10D620000B6001207047021D436801E01A461B6829
:10D6300033B113688B42F9D10B6813600120704736
:10D640000020704738B50446806838B3F9F758FDB4
:10D6500004F1080C002506E0124B134A422113483E
:10D66000FBF7F0FD9C46DCF800309BB19A68DC6863
:10D67000B0EB020E61EB040EBEF1000FF2DB0C49C1
:10D68000086849688C4208BF8242E5D010462146AE
:10D690006546E7E71DB1286803682B6038BD28465A
:10D6A000FCE700BF40FF0010D021011064FF001014
:10D6B000781A011070B40D4B19685E68836800E039
:10D6C0002B4673B11D689A68DC68B1EB020C66EBFF
:10D6D0000403BCF1010F73F10003F1DB1146264690
:10D6E000EEE70161466170BC704700BF781A011017
:10D6F00038B5054602E04B68284698472846FFF7AC
:10D70000A1FF01460028F6D16C6800E024684CB106
:10D71000237A002BFAD0002323726368214628461F
:10D720009847F3E72846FFF7C5FFD5E9040138BD60
:10D7300038B50446F9F7E4FCA36853B14BB1DA6895
:10D740009D68B0EB050C61EB0202002A0BDA1B6846
:10D75000F4E7636800E01B681BB1187A0028FAD070
:10D7600002E0002000E0012038BD0000074B8342AA
:10D770000AD0052301229A40054B1A60054B9B688D
:10D7800032EA0303FAD170470423F3E7D81B0020E1
:10D7900000300240000002402DE9F04F85B00746FE
:10D7A000924601939DF838200F9EDDF84080036873
:10D7B0000025DD660368596003680121D966A94622
:10D7C00002952C46039227E03B79002B32D00123AF
:10D7D00030E0039A0AB1002230E001222EE060B965
:10D7E0003B685B6B13F0100F07D1002EF7D00021C0
:10D7F0004046B0470543EDB2F1E7044640B93B6807
:10D80000D3F88020029212BB002D32D1CB4521D01B
:10D81000002D37D109F10109019B994532DA019BAD
:10D8200003F1FF3B16B101214046B047B9F1000FAB
:10D83000CAD000239B02CB45CBD0002243EA42232F
:10D840001AF8011B3A680B4313612046CDE75B6D64
:10D8500001250EE0039B002BDAD10AE000214046AF
:10D86000B0470543EDB238B93B685B6B13F4007FFA
:10D8700002D1002EF2D1F6E704460028C8D13B6859
:10D880001B6EC5E7039A45B164B9029B6BB113F0F7
:10D89000010F0DD113F0080F0DD03A71484605B0B5
:10D8A000BDE8F08F6FF00109F7E74FF0FF39F4E7BB
:10D8B0004FF0FF39F1E74FF0FF39EEE72DE9F04F78
:10D8C00083B0054600929A469DF8303001930D9F33
:10D8D000DDF8388003680024DC660368596003685B
:10D8E0000122DA66A1462646D1453FDA0AF1FF3B1E
:10D8F00017B101214046B8472B685A6F102AFBD058
:10D90000B9F1000F0AD000229202CB450BD00021C2
:10D9100042EA412242F480721A6115E02A79002A13
:10D92000F2D00122F0E7019909B10021F0E70121CD
:10D93000EEE72FB100214046B84706460443E4B263
:10D94000A4B92B689A6F4AB92B68D3F880205A6B18
:10D9500012F0400FEDD05B6D0124EAE71A69009BDD
:10D9600003F8012B09F101090093BDE714B13EB1A1
:10D970006FF00109019B2B71484603B0BDE8F08FA1
:10D980004FF0FF39F6E70000F8B504460D460520D4
:10D99000F9F7E6FC00EB5502B2FBF5F202EB420CA4
:10D9A000244BA3FB0C139F08A2EB9306224B9D4232
:10D9B00030D800EB40032149A1FB03139B0D013339
:10D9C000B91E99422ED321680025CD6621680D68C5
:10D9D00085F0040505F0060501F580510D6021680C
:10D9E000CE6121680F62BCF14F0F21D91149A1FB13
:10D9F0000C5189092568C5F8A0102168CD6F6B40CE
:10DA00009BB201F58351CB6123680121D966B0FB3C
:10DA1000F2F0F8BD00EB40030949A1FB0313DB0D55
:10DA20000133CDE7074B084A5D210848FBF70AFCA4
:10DA30000121DFE7CDCCCCCC3F420F006BCA5F6B3E
:10DA4000893BE655C0FF001000220110E0FF0010E6
:10DA500038B504460D46114B98421CD005220123CF
:10DA600093400F4A13602046FFF780FE0023237186
:10DA70002268D366226840F2651111602268D36380
:10DA80002268936323680322C3F88820294620462E
:10DA9000FFF77AFF38BD0422E1E700BFD81B002062
:10DAA0000020024010B584B00024029401949DF837
:10DAB00018400094FFF770FE04B010BD10B584B09C
:10DAC0000024029401949DF818400094FFF7F6FE9C
:10DAD00004B010BD0123094A136002F5805213609F
:10DAE000074B9B6813F0010FFAD0064B01221A6016
:10DAF000044B1B6813F4807FFAD07047002002406B
:10DB00000000024000000A40024B0A460146186825
:10DB100000F002B8F01F002038B5A1FB021434BB9E
:10DB200000F042F8054630B350F8042C22F003020E
:10DB3000043A242A0CD8132A0FD91B2AC0E900441E
:10DB400012D9242AC0E9024418D000F1100205E0DD
:10DB5000214600F0F1FA284638BD02460023284647
:10DB6000C2E90033936038BD00F10802F6E700F027
:10DB700043FB0C2303600025284638BD00F1180242
:10DB8000C0E90444EAE700BF024B0146186800F010
:10DB90000BB800BFF01F0020024B0146186800F0D0
:10DBA000A1BC00BFF01F002001F10B03162B2DE9D3
:10DBB000F04F074683B023D8102900F2AF8000F061
:10DBC000AFFA102518230220BA4E33445C68A3F143
:10DBD0000802944200F056816368384623F003033C
:10DBE000D4E902122344CA6091605A68083442F0B2
:10DBF00001025A6000F09AFA204603B0BDE8F08FA7
:10DC0000002B23F00705C0F28980A94200F286802C
:10DC100000F086FAB5F5FC7FC0F07B826B0A00F05D
:10DC20008480042B00F26281AB0903F1390003F117
:10DC3000380EC3009F4E3344A3F1080C5C68A44522
:10DC400007D10DE0002AE16880F216818C450C4670
:10DC500006D0636823F003035A1B0F2AF2DD7046D7
:10DC6000DFF868823469444500F0F280636823F08D
:10DC7000030CACEB05030F2B00F37481002BC6E9FA
:10DC8000048880F26381BCF5007FD6F804E080F060
:10DC9000FF804FEADC0301224FEA5C1C013302FAE9
:10DCA0000CF256F833104EEA020E06EBC302083AA5
:10DCB000C6F804E0C4E9021246F83340CC60831091
:10DCC0004FF0010C0CFA03FCF44534D81CEA0E0F9B
:10DCD00007D120F003004FEA4C0C04301CEA0E0F71
:10DCE000F9D006EBC00A8146D646DEF80C300BE0D0
:10DCF0005A681C46DB6822F00302511B0F2900F30F
:10DD00000181002980F215819E45F1D109F10109B7
:10DD10000EF1080E19F0030FE7D158E10C233B6018
:10DD20000024204603B0BDE8F08F4FF4007340207C
:10DD30004FF03F0E7EE7B468636823F00309A945FE
:10DD4000A9EB050302D30F2B00F385805A4B082063
:10DD50001B6803F1100804EB0903009300F056FA66
:10DD6000564AA84483461368013305D008F1FF38AA
:10DD70004342804403EA08084146384600F02AFA44
:10DD8000B0F1FF3F82464D4A00F0078104EB0903E2
:10DD9000834200F200814A4B0BF1FF3C186840447B
:10DDA000186000F064811168013100F06C8104EBAF
:10DDB0000902AAEB020202441A601AF00702CDE936
:10DDC000002300F02781C2F10802384692445A44E9
:10DDD000D04408EA0C01521A02EA0C0B594600F032
:10DDE000F9F9421C019B00F06A81A0EB0A0000EBEC
:10DDF0000B08186848F00102B442C6F808A058445D
:10DE0000CAF80420186017D0B9F10F0F40F23E8114
:10DE10006168A9F10C024FF0050C22F0070201F035
:10DE2000010111430F2A616004EB0201C1E901CC39
:10DE300000F24D81DAF80420224B544619688142E1
:10DE400038BF1860204B1968814238BF1860A6E0BF
:10DE5000D6F804E033E7621945F0010543F0010309
:10DE6000083444F8045C3846B260536000F05EF950
:10DE7000204603B0BDE8F08FA26823443846D16045
:10DE80008A60B2E6DC68A3427FF4A6AE0230E7E621
:10DE9000BCF5206F4FEA5C2276D3142A00F2CD80C5
:10DEA00002F15C035B32DB00F118F3580839994248
:10DEB00011D1A5E0E81B00208C230020E01B0020EE
:10DEC0005C2300208423002088230020F01B0020F6
:10DED0009B68994204D05A6822F003026245F7D841
:10DEE000D968C4E902318C60DC60E8E6142B63D9A0
:10DEF000542B00F2AB802B0B03F16F0003F16E0E7D
:10DF0000C30097E6D4F808C03846671945F0010504
:10DF10006560CCF80C30C3F808C041F00103C6E9D5
:10DF20000477C7E902887B60A150083400F0FEF84E
:10DF3000F7E622443846516841F00101516054F837
:10DF4000082FD3609A6000F0F1F8EAE6A44438465E
:10DF50000834DCF8043043F00103CCF8043000F05E
:10DF6000E5F8DEE6621943F0010145F001053846A7
:10DF70006560C6E90422C2E90288516044F80C30A9
:10DF8000083400F0D3F8CCE64FEA9C1202F13903D2
:10DF90003832DB0088E7B44262D0B468626822F0AD
:10DFA0000308A845A8EB050302D30F2B3FF753AF97
:10DFB000384600F0BBF8B3E603F15C0003F15B0EFA
:10DFC000C30037E65AF80839534540F0A08010F0F6
:10DFD000030F00F1FF30F5D1736823EA0C0373607F
:10DFE0004FEA4C0C0CF1FF329A4204D3A3E64FEAFD
:10DFF0004C0C09F104091CEA030FF8D0484670E6FE
:10E0000092104FF0010C0CFA02F24EEA020EC6F822
:10E0100004E066E70AEB0802384602EA0C02ABEBC2
:10E02000020B0BEA0C0B594600F0D4F8431C019B81
:10E030007FF4DBAEDDF800B0DBE6542A2AD84FEAE5
:10E040001C3202F16F036E32DB002DE7B3F5AA7FBD
:10E050002AD8EB0B03F1780003F1770EC300E9E552
:10E060002E4B0BF1FF3C1868404418609BE61AEAFF
:10E070000C0F7FF498AEC844D6F808A048F001020F
:10E08000CAF80420D8E6C2F800A096E60123CAF830
:10E0900004308DE7B2F5AA7F24D84FEADC3202F1D2
:10E0A00078037732DB00FFE640F25452934224D8E3
:10E0B000AB0C03F17D0003F17C0EC300BAE5009ABE
:10E0C0004FF0000B083A9044A8EB0A0891E6384656
:10E0D00004F10801009300F005FA009BD6F808A0AF
:10E0E0001868A7E640F254539A420CD84FEA9C4273
:10E0F00002F17D037C32DB00D6E64FF47E737F2095
:10E100004FF07E0E96E54FF47E737E22CCE6736868
:10E1100066E7E80805F1080356E500BF5C23002028
:10E12000014800F06FB800BF58230020014800F0FC
:10E130006BB800BF58230020830730B546D0841841
:10E14000844604E003F8011B9D0704D09C46A445C7
:10E150006346F7D130BD013A0244A2EB0C02032A18
:10E1600029D9CCB20F2A04EB042404EB04442FD9A0
:10E17000A2F1100C03F110052CF00F0CAC44C3E914
:10E180000044C3E9024410336345F8D112F00C0F88
:10E1900002F00F0E18D02EF0030CAEF104051A4653
:10E1A0009C4442F8044B6245FBD125F00304043340
:10E1B0000EF003022344002ACCD0C9B21A4403F85B
:10E1C000011B9342FBD130BD7246F4E70346C6E71C
:10E1D0009646E0E738B50022064D044608462A6018
:10E1E000FBF712F8431C00D038BD2B68002BFBD086
:10E1F000236038BD04370020014B1868704700BF0A
:10E20000F01F0020704700BF704700BF082802D1F0
:10E210004FF48050704708B5FFF7EEFF1622034613
:10E220004FF0FF301A6008BD80EA0102844612F008
:10E23000030F4FD111F0030F32D14DF8044D11F0FF
:10E24000040F51F8043B0BD0A3F101329A4312F0B2
:10E25000803F04BF4CF8043B51F8043B16D100BF8B
:10E2600051F8044BA3F101329A4312F0803FA4F11C
:10E2700001320BD14CF8043BA24312F0803F04BFA3
:10E2800051F8043B4CF8044BEAD023460CF8013B10
:10E2900013F0FF0F4FEA3323F8D15DF8044B7047BA
:10E2A00011F0010F06D011F8012B0CF8012B002AF8
:10E2B00008BF704711F0020FBFD031F8022B12F0E7
:10E2C000FF0F16BF2CF8022B8CF8002012F47F4FA2
:10E2D000B3D1704711F8012B0CF8012B002AF9D1AA
:10E2E000704700BF844641EA000313F0030349D19D
:10E2F000403A23D30B6803604B6843608B688360AC
:10E30000CB68C3600B6903614B6943618B698361AF
:10E31000CB69C3610B6A03624B6A43628B6A836297
:10E32000CB6AC3620B6B03634B6B43638B6B83637F
:10E33000CB6BC36340304031403ADBD230320BD339
:10E340000B6803604B6843608B688360CB68C36075
:10E3500010301031103AF3D20C3205D351F8043B8F
:10E3600040F8043B043AF9D2043208D0D2071CBF6B
:10E3700011F8013B00F8013B01D30B880380604694
:10E38000704700BF082A13D38B07B1D010F00303E6
:10E39000AED0C3F10403D21ADB071CBF11F8013B56
:10E3A00000F8013BA4D331F8023B20F8023B9FE781
:10E3B000043AD9D3013A11F8013B00F8013BF9D2F4
:10E3C0000B7803704B7843708B788370604670478E
:10E3D00020F0030110F00300C0F1000051F8043BED
:10E3E00000F1040C4FEACC0C6FF000021CBF22FAC3
:10E3F0000CF213434FF0010C4CEA0C2C4CEA0C4C81
:10E40000A3EB0C0222EA030212EACC1204BF51F879
:10E41000043B0430F4D0C2F1000102EA0102B2FA76
:10E4200082F2C2F11F0200EBD20070472DE9F843DF
:10E430000646DFF8AC8008208946FFF7E7FE054670
:10E440003046FFF76DFED8F808305F6827F0030705
:10E45000A7F11104A4EB09042C44B4FBF5F4013C2E
:10E4600005FB04F4A54208DC00213046FFF7B2FEAC
:10E47000D8F808303B44984205D03046FFF756FEA6
:10E480000020BDE8F88361423046FFF7A3FE01306B
:10E490000FD03F1B104AD8F80830304647F001072C
:10E4A0005F6013681B1B1360FFF740FE0120BDE88F
:10E4B000F88300213046FFF78DFED8F80820831A34
:10E4C0000F2BDADD43F0010303495360034B1B6854
:10E4D000C01A0860D1E700BF5C230020E01B0020C9
:10E4E000E81B002000295AD0F8B50C460746FFF774
:10E4F00017FE734D54F804CCA4F10802A8682CF060
:10E5000001030CF0010ED1184E68884226F0030674
:10E510007CD088194E60406800F00100BEF1000F09
:10E520002ED154F8084C05F1080C121B23449468B2
:10E53000644560D0D2F80CE0C4F80CE0CEF8084096
:10E5400000287DD043F0010050600B60B3F5007FE0
:10E550002ED25809D908012383406868013103434A
:10E5600055F831006B6005EBC103083BC2E90203BB
:10E5700045F83120C2603846BDE8F840FFF7D6BD07
:10E5800070B9334405F1080C886843F00104604514
:10E590006ED0C968C16088605460D350D6E77047B8
:10E5A0004CF00101B3F5007F44F8041CD350D0D3E4
:10E5B000B3F5206F4FEA532144D2990901F1390094
:10E5C00001F13804C100681869580838884203D13D
:10E5D00055E08968884204D04C6824F003049C42CA
:10E5E000F7D8C868C2E9021082603846CA60BDE840
:10E5F000F840FFF79BBD80BB1E44D1E90213CB60FE
:10E60000996046F0010353609651B4E71E44BEF191
:10E61000000F07D154F8083CD21A1E44D2E9021365
:10E62000CB60996046F001035360264BAA601B68DB
:10E63000B342A0D8244B38461968FFF7F7FE9AE793
:10E640003344A1E714290DD954291FD8190B01F11E
:10E650006F0001F16E04C100B5E743F001005060A6
:10E660000B6088E701F15C0001F15B04C100AAE7DF
:10E67000C5E90422C2E902CC5460D3507BE7A41060
:10E680000123A3406C6823436B60ABE7B1F5AA7F1D
:10E6900006D8D90B01F1780001F17704C10092E7A7
:10E6A00040F25450814206D8990C01F17D0001F1ED
:10E6B0007C04C10087E74FF47E717E2483E700BFAE
:10E6C000E81B0020E41B00208C230020F8B500BFCD
:10E6D0005FF800F0D50700205FF800F03F0D002044
:10E6E0005FF800F0450C00205FF800F07704002090
:10E6F0005FF800F0990D00205FF800F0BD130020D6
:10E700005FF800F06D1400205FF800F0C9040020ED
:10E710005FF800F0130200205FF800F0C50600204B
:10E720005FF800F04D0D00205FF800F04504002078
:10E730005FF800F01D0900205FF800F0C103002021
:10E740005FF800F0210500205FF800F06D02002066
:10E750005FF800F0710C00205FF800F04503002026
:10E760005FF800F0ED0200205FF800F05D0100208E
:10E770005FF800F0110100205FF800F0C1010020F7
:10E78000C178001039780010657800105D790010AC
:10E79000A1780010B5760010E578001081760010A1
:10E7A00035660010ED7800100D700010157800101F
:10E7B000D378001085780010795E0010D15E0010CB
:08E7C000B99A001011020010CB
:10E7C8005265626F6F7465642066726F6D20576161
:10E7D800746368646F6721005265626F6F74696E55
:10E7E800672053797374656D2E2E2E0053746172F1
:10E7F80074696E67204932432E2E2E00496E697463
:10E8080069616C697A696E672044726976657472A9
:10E8180061696E2053797374656D2E2E2E00000089
:10E82800496E697469616C697A696E6720504944F8
:10E8380020436F6E74726F6C6C6572732E2E2E008F
:10E848005374617274696E6720436F726520312E4C
:10E858002E2E0000496E697469616C697A696E6769
:10E868002053637265656E2053797374656D2E2E1F
:10E878002E0000005374617274696E6720436F6ED6
:10E8880074726F6C204C6F6F702E2E2E000000007B
:10E898005374617274696E67205761746368646F3A
:10E8A800672054696D65722E2E2E000053746172B4
:10E8B80074696E67204D61696E204C6F6F7000003F
:10E8C8004D6F64653A202564207C204C6566742071
:10E8D80053503A2025352E3266207C204C656674CC
:10E8E80020496E3A2025352E3266207C20526967F1
:10E8F80068742053503A2025352E3266207C2052E9
:10E908006967687420496E3A2025352E3266207C66
:10E9180020576865656C2053706565643A204C65BE
:10E928006674202D2025352E32662025352E326638
:10E93800202D205269676874207C202057686565FF
:10E948006C2050574D3A204C656674202D20253494
:10E958006920253469202D2052696768740A0000EF
:10E9680064697374733A20253564207C20253564E6
:10E97800207C202535640A0048656C6C6F2066721F
:10E988006F6D20636F726531210000004352495456
:10E998004943414C3A204D6F746F72204D616C6C45
:10E9A8006F63204661696C656421000043524954D5
:10E9B8004943414C3A204472697665747261696EC4
:10E9C800204D616C6C6F63204661696C6564210041
:10E9D800435249544943414C3A204D656E75204D88
:10E9E800616C6C6F63204661696C6564210000008E
:10E9F800435249544943414C3A2053637265656E0A
:10EA08002053797374656D204D616C6C6F6320467B
:10EA180061696C6564210000435249544943414C83
:10EA28003A20446973706C6179204D616C6C6F6336
:10EA3800204661696C6564210000000052696368C2
:10EA48006172642052656E6E6572000026000000D7
:10EA5800416E64726561204D726B616A61000000ED
:10EA68002D3E00004D61696E204D656E75000000F9
:10EA78004C696E6520466F6C6C6F77696E67000035
:10EA88004D617A6520536F6C76696E6700000000EF
:10EA980052656D6F746520436F6E74726F6C000001
:10EAA80044656275670000004C696E6520466F6CAE
:10EAB8006C6F77696E67204D656E7500476F000053
:10EAC8004D617A6520536F6C76696E67204D656E6F
:10EAD80075000000526164696F20436F6E74726F35
:10EAE8006C204D656E7500004465627567204D6544
:10EAF8006E7500004C6F61642043616C69627261DD
:10EB080074696F6E0000000052756E2043616C6975
:10EB180062726174696F6E004C696E6520466F6C35
:10EB28006C6F77696E67203A290000004D617A653D
:10EB380020536F6C76696E67203A290052656D6FB5
:10EB4800746520436F6E74726F6C203A2900000060
:10EB58004C6F6164696E672043616C6962726174AD
:10EB6800696F6E2E2E2E000043616C6962726174AB
:10EB7800696F6E204C6F6164000000005375636319
:10EB880065646564000000004661696C65640000A6
:10EB980052756E6E696E672043616C69627261744A
:10EBA800696F6E2E2E2E0000506C616365205365D0
:10EBB8006E736F7273206F6E00000000576869747F
:10EBC80065000000426C61636B00000043616C6982
:10EBD80062726174696F6E2053617665000000008F
:10EBE800435249544943414C3A205265666C656327
:10EBF800746976652053797374656D204D616C6C0A
:10EC08006F63204661696C65642100004352495472
:10EC18004943414C3A205265666C65637469766570
:10EC28002053797374656D2043616C6962726174F5
:10EC3800696F6E2044617461204D616C6C6F632054
:10EC48004661696C65642100435249544943414C0B
:10EC58003A2054696D65206F6620466C6967687450
:10EC68002053656E736F72204D616C6C6F63204624
:10EC780061696C6564210000435249544943414C21
:10EC88003A2054696D65206F6620466C6967687420
:10EC98002053656E736F7220526573756C747320A0
:10ECA8004D616C6C6F63204661696C65642100007E
:10ECB800435249544943414C3A2044697374616E44
:10ECC80063652053797374656D204D616C6C6F6357
:10ECD800204661696C656421000000004352495474
:10ECE8004943414C3A2044697374616E636520530B
:10ECF800797374656D204F7574707574204D616CEF
:10ED08006C6F63204661696C656421004352495405
:10ED18004943414C3A2050494420436F6E74726F06
:10ED28006C6C6572204D616C6C6F63204661696C18
:10ED380065642100435249544943414C3A204942B1
:10ED48007573204368616E6E656C204D616C6C6FE5
:10ED580063204661696C6564210000004352495490
:10ED68004943414C3A2049427573204D616C6C6FA0
:10ED780063204661696C6564210000004352495470
:10ED88004943414C3A2043616C6962726174696F0E
:10ED98006E2044617461204D616C6C6F6320466124
:10EDA800696C6564210000004C69676874206C65B3
:10EDB80076656C206D6561737572656420666F7227
:10EDC8002077686974653A2025752C2025752C20D4
:10EDD80025752C2025750A004C69676874206C65B8
:10EDE80076656C206D6561737572656420666F72F7
:10EDF80020626C61636B3A2025752C2025752C20C8
:10EE080025752C2025750A00506C6179696E67207C
:10EE18004E6F74653A2025642C2025640A00000092
:10EE28005B25735D2061646472206E6F742061637A
:10EE38006B6E6F776C6564676564210A000000007B
:10EE48005B25735D2074696D656F7574210A000018
:10EE5800737364313330365F77726974650000000C
:10EE6800737364313330365F73686F770000000066
:10EE7800435249544943414C3A204D61676E657489
:10EE8800696320456E636F646572204D616C6C6FB9
:10EE980063204661696C65642100000021656E612C
:10EEA800626C6564207C7C206972715F6861735F45
:10EEB80068616E646C657228494F5F4952515F42C0
:10EEC800414E4B30290000002F686F6D652F726529
:10EED8006E6E657272612F2E7069636F2D73646B2D
:10EEE8002F73646B2F322E322E302F7372632F7272
:10EEF80070325F636F6D6D6F6E2F686172647761DA
:10EF080072655F6770696F2F6770696F2E630000A5
:10EF180021287261775F6972715F6D61736B5B67DE
:10EF280065745F636F72655F6E756D28295D202655
:10EF3800206770696F5F6D61736B29007261775F1D
:10EF48006972715F6D61736B5B6765745F636F7224
:10EF5800655F6E756D28295D2026206770696F5F73
:10EF68006D61736B000000000A2A2A2A2050414E66
:10EF78004943202A2A2A0A0068775F69735F636C0D
:10EF880061696D656428626974732C206269745FB5
:10EF9800696E6465782900002F686F6D652F72654A
:10EFA8006E6E657272612F2E7069636F2D73646B5C
:10EFB8002F73646B2F322E322E302F7372632F63B0
:10EFC8006F6D6D6F6E2F68617264776172655F63D4
:10EFD8006C61696D2F636C61696D2E6300000000C0
:10EFE8004E6F207370696E6C6F636B73206172650E
:10EFF80020617661696C61626C650000307831630C
:10F00800203D3D20282A696E7374293E3E313175B2
:10F01800000000002F686F6D652F72656E6E657257
:10F0280072612F2E7069636F2D73646B2F73646B1D
:10F038002F322E322E302F7372632F7270325F632D
:10F048006F6D6D6F6E2F68617264776172655F694D
:10F0580072712F6972712E630000000064656C7410
:10F0680061203E3D202D323034382026262064652C
:10F078006C7461203C3D2032303436202626202115
:10F088002864656C74612026203129002128646574
:10F098006C7461203E3E20313175290063757272AF
:10F0A800656E74203D3D205F5F756E68616E646CAF
:10F0B80065645F757365725F697271207C7C20631B
:10F0C800757272656E74203D3D2068616E646C6572
:10F0D800720000006972715F68616E646C65725FCE
:10F0E800636861696E5F667265655F736C6F745F94
:10F0F80068656164203E3D203000000076746162DE
:10F108006C655F68616E646C6572203D3D205F5F71
:10F11800756E68616E646C65645F757365725F694E
:10F1280072710000212828282875696E747074721D
:10F138005F742972656D6F76655F7468756D625F5F
:10F1480062697428767461626C655F68616E646C6C
:10F1580065722929202D20282875696E74707472AB
:10F168005F74296972715F68616E646C65725F6350
:10F178006861696E5F736C6F747329292025207329
:10F18800697A656F66287374727563742069727121
:10F198005F68616E646C65725F636861696E5F73F6
:10F1A8006C6F7429290000002165786365707469A3
:10F1B8006F6E207C7C20657863657074696F6E2043
:10F1C8003D3D206E756D202B20565441424C455FC5
:10F1D80046495253545F49525100000066616C73AE
:10F1E8006500000069735F7368617265645F6972C6
:10F1F800715F7261775F68616E646C657228736CA9
:10F208006F745F68616E646C657229006578636508
:10F218007074696F6E000000666F756E64000000A0
:10F228004E6F207573657220495251732061726563
:10F2380020617661696C61626C65000031203D3D3A
:10F24800202875696E747074725F74296C2D3E7312
:10F2580070696E5F6C6F636B000000002F686F6DE4
:10F26800652F72656E6E657272612F2E7069636F9D
:10F278002D73646B2F73646B2F322E322E302F73E5
:10F2880072632F636F6D6D6F6E2F7069636F5F733D
:10F29800796E632F6D757465782E6300746F746171
:10F2A8006C0000006D74782D3E636F72652E73706C
:10F2B800696E5F6C6F636B006C6F636B5F69735F24
:10F2C8006F776E65725F69645F76616C6964286DDB
:10F2D80074782D3E6F776E65722900006D74782DF5
:10F2E8003E656E7465725F636F756E740000000032
:10F2F800706F6F6C2D3E74696D65725F616C6172C1
:10F308006D5F6E756D203D3D2074696D65725F613E
:10F318006C61726D5F6E756D000000002F686F6D17
:10F32800652F72656E6E657272612F2E7069636FDC
:10F338002D73646B2F73646B2F322E322E302F7324
:10F3480072632F636F6D6D6F6E2F7069636F5F747B
:10F35800696D652F74696D652E630000646566616B
:10F36800756C745F616C61726D5F706F6F6C5F69F3
:10F378006E697469616C697A656428290000000007
:10F38800706F6F6C735B74615F74696D65725F6ECB
:10F39800756D28706F6F6C2D3E74696D6572295D8F
:10F3A8005B706F6F6C2D3E74696D65725F616C6127
:10F3B800726D5F6E756D5D203D3D20706F6F6C00E6
:10F3C800417474656D7074656420746F20736C6526
:10F3D800657020696E73696465206F6620616E20B0
:10F3E800657863657074696F6E2068616E646C65BA
:10F3F800723B2075736520627573795F77616974F4
:10F4080020696620796F75206D757374000000009F
:10F41800486172647761726520616C61726D202544
:10F428006420616C726561647920636C61696D65E3
:10F43800640000004E6F20616C61726D732061760C
:10F4480061696C61626C650076636F5F6672657195
:10F45800203E3D205049434F5F504C4C5F56434F30
:10F468005F4D494E5F465245515F485A2026262037
:10F4780076636F5F66726571203C3D205049434F4B
:10F488005F504C4C5F56434F5F4D41585F46524565
:10F49800515F485A000000002F686F6D652F726534
:10F4A8006E6E657272612F2E7069636F2D73646B57
:10F4B8002F73646B2F322E322E302F7372632F729C
:10F4C80070325F636F6D6D6F6E2F68617264776104
:10F4D80072655F706C6C2F706C6C2E63000000009E
:10F4E8006662646976203E3D2031362026262066F5
:10F4F80062646976203C3D203332300028706F7397
:10F50800745F64697631203E3D20312026262070C4
:10F518006F73745F64697631203C3D20372920265B
:10F52800262028706F73745F64697632203E3D2010
:10F538003120262620706F73745F64697632203C10
:10F548003D203729000000007265665F66726571AC
:10F55800203C3D202876636F5F66726571202F20FE
:10F56800313629002F686F6D652F72656E6E657272
:10F5780072612F2E7069636F2D73646B2F73646BC8
:10F588002F322E322E302F7372632F7270325F63D8
:10F598006F6D6D6F6E2F7069636F5F666C617368F6
:10F5A8002F666C6173682E63000000004F7574202D
:10F5B8006F66206D656D6F7279000000626F6F7401
:10F5C800325F77323571303830000000302E31002C
:10F5D800322E322E300000007069636F325F770080
:10F5E800526F626F742D4361720000004170722087
:10F5F8003230203230323600666E692B000000004F
:10F60800666E69006E616E00666E692D000000000E
:10F618002C2066756E6374696F6E3A2000000000D6
:10F62800617373657274696F6E2022257322206678
:10F6380061696C65643A2066696C652022257322CD
:10F648002C206C696E65202564257325730A0000DB
:10F658002F686F6D652F72656E6E657272612F2EE1
:10F668007069636F2D73646B2F73646B2F322E3246
:10F678002E302F7372632F7270325F636F6D6D6FF0
:10F688006E2F7069636F5F737464696F5F757362FF
:10F698002F737464696F5F7573622E6300000000D6
:10F6A80055534220737464696E202F207374646FFD
:10F6B80075740000526173706265727279205069C6
:10F6C800000000005069636F00000000426F617223
:10F6D80064204344430000005265736574000000D1
:10F6E8007263203D3D2034002F686F6D652F726571
:10F6F8006E6E657272612F2E7069636F2D73646B05
:10F708002F73646B2F322E322E302F7372632F7249
:10F7180070325F636F6D6D6F6E2F7069636F5F75A9
:10F728006E697175655F69642F756E697175655F5E
:10F7380069642E63000000006C656E203E20300076
:10F74800700000002F686F6D652F72656E6E6572B0
:10F7580072612F2E7069636F2D73646B2F73646BE6
:10F768002F322E322E302F7372632F7270325F63F6
:10F778006F6D6D6F6E2F68617264776172655F6619
:10F788006C6173682F666C6173682E6300000000FB
:10F79800636F6E6E6563745F696E7465726E616CBB
:10F7A8005F666C6173685F66756E632026262066E7
:10F7B8006C6173685F657869745F7869705F667596
:10F7C8006E6320262620666C6173685F666C7573AD
:10F7D800685F63616368655F66756E6320262620CF
:10F7E800666C6173685F656E7465725F636D645F94
:10F7F8007869705F66756E6300000000666C6173FF
:10F80800685F6F666673202B20636F756E74203C8B
:10F818003D205049434F5F464C4153485F53495A36
:10F82800455F425954455300636F6E6E6563745F5C
:10F83800696E7465726E616C5F666C6173685F6631
:10F84800756E6320262620666C6173685F6578692B
:10F85800745F7869705F66756E6320262620666C13
:10F868006173685F72616E67655F65726173655F1A
:10F8780066756E6320262620666C6173685F666C09
:10F888007573685F63616368655F66756E630000C2
:10F89800636F6E6E6563745F696E7465726E616CBA
:10F8A8005F666C6173685F66756E632026262066E6
:10F8B8006C6173685F657869745F7869705F667595
:10F8C8006E6320262620666C6173685F72616E67BE
:10F8D800655F70726F6772616D5F66756E63202613
:10F8E8002620666C6173685F666C7573685F636118
:10F8F8006368655F66756E6300000000636F6E6E17
:10F908006563745F696E7465726E616C5F666C6165
:10F9180073685F66756E6320262620666C6173685F
:10F928005F657869745F7869705F66756E632026B5
:10F938002620666C6173685F666C7573685F6361C7
:10F948006368655F66756E63000000006E657874B5
:10F958005F6275666665725F707472203C207573AD
:10F96800625F647072616D2D3E6570785F6461746A
:10F9780061202B2073697A656F66287573625F64EE
:10F988007072616D2D3E6570785F646174612900E5
:10F998002F686F6D652F72656E6E657272612F2E9E
:10F9A8007069636F2D73646B2F73646B2F322E3203
:10F9B8002E302F6C69622F74696E797573622F739C
:10F9C80072632F706F727461626C652F72617370ED
:10F9D800626572727970692F7270323034302F64B8
:10F9E80063645F7270323034302E6300556E686124
:10F9F8006E646C65642049525120307825780A007D
:10FA08007268706F7274203D3D2030002128627545
:10FA1800665F6374726C2026205553425F425546D8
:10FA28005F4354524C5F46554C4C29002F686F6D0C
:10FA3800652F72656E6E657272612F2E7069636FC5
:10FA48002D73646B2F73646B2F322E322E302F6C14
:10FA580069622F74696E797573622F7372632F7080
:10FA68006F727461626C652F726173706265727215
:10FA78007970692F7270323034302F7270323034AE
:10FA8800305F7573622E63006275665F6374726CB3
:10FA98002026205553425F4255465F4354524C5FDF
:10FAA80046554C4C00000000657020253032582027
:10FAB80077617320616C7265616479206176616930
:10FAC8006C61626C6500000043616E277420636F8F
:10FAD8006E74696E75652078666572206F6E206930
:10FAE8006E61637469766520657020253032580030
:10FAF8005741524E3A207374617274696E67206E72
:10FB08006577207472616E73666572206F6E20610E
:10FB18006C726561647920616374697665206570CB
:10FB280020253032580D0A0025732025643A2041DB
:10FB38005353455254204641494C45440D0A000050
:10FB48006D757465785F69735F696E697469616CF6
:10FB5800697A656428266C6F636B6F75745F6D7561
:10FB680074657829000000002F686F6D652F726535
:10FB78006E6E657272612F2E7069636F2D73646B80
:10FB88002F73646B2F322E322E302F7372632F72C5
:10FB980070325F636F6D6D6F6E2F7069636F5F6D2D
:10FBA800756C7469636F72652F6D756C7469636FBA
:10FBB80072652E630000000076616C7565203D3D1E
:10FBC800203000002128737461636B5F73697A6564
:10FBD8005F62797465732026203375290000000060
:10FBE80070726F6772616D2D3E6C656E6774682008
:10FBF8003C3D2050494F5F494E5354525543544958
:10FC08004F4E5F434F554E54000000002F686F6DF4
:10FC1800652F72656E6E657272612F2E7069636FE3
:10FC28002D73646B2F73646B2F322E322E302F732B
:10FC380072632F7270325F636F6D6D6F6E2F6861C4
:10FC48007264776172655F70696F2F70696F2E6378
:10FC5800000000004E6F2050494F20737461746596
:10FC6800206D616368696E657320617265206176D5
:10FC780061696C61626C650070726F6772616D5F5B
:10FC88006D61736B203D3D20285F757365645F6906
:10FC98006E737472756374696F6E5F737061636598
:10FCA8005B70696F5F6765745F696E6465782870FB
:10FCB800696F295D20262070726F6772616D5F6DB4
:10FCC80061736B2900000000636F6E74657874209F
:10FCD8003D3D2063797734335F6173796E635F6389
:10FCE8006F6E7465787400002F686F6D652F72658C
:10FCF8006E6E657272612F2E7069636F2D73646BFF
:10FD08002F73646B2F322E322E302F7372632F7243
:10FD180070325F636F6D6D6F6E2F7069636F5F63B5
:10FD2800797734335F6472697665722F63797734D3
:10FD3800335F6472697665722E630000776F726B49
:10FD48006572203D3D2026736C6565705F74696D32
:10FD5800656F75745F776F726B6572006765745F46
:10FD6800636F72655F6E756D2829203D3D20617354
:10FD7800796E635F636F6E746578745F636F7265C5
:10FD88005F6E756D2863797734335F6173796E635D
:10FD98005F636F6E746578742900000073656C6624
:10FDA8002D3E636F72652E636F72655F6E756D2091
:10FDB8003D3D206765745F636F72655F6E756D2882
:10FDC800290000002F686F6D652F72656E6E657271
:10FDD80072612F2E7069636F2D73646B2F73646B60
:10FDE8002F322E322E302F7372632F7270325F6370
:10FDF8006F6D6D6F6E2F7069636F5F6173796E637E
:10FE08005F636F6E746578742F6173796E635F6377
:10FE18006F6E746578745F74687265616473616627
:10FE2800655F6261636B67726F756E642E63000055
:10FE38007265637572736976655F6D757465785FF1
:10FE48006F776E6572282673656C662D3E6C6F63DE
:10FE58006B5F6D757465782920213D206C6F636B2D
:10FE68005F6765745F63616C6C65725F6F776E6501
:10FE7800725F6964282900006765745F636F726543
:10FE88005F6E756D2829203D3D2073656C662D3E9B
:10FE9800636F72652E636F72655F6E756D0000002B
:10FEA8006765745F636F72655F6E756D2829203DA5
:10FEB8003D2073656C665F626173652D3E636F728A
:10FEC800655F6E756D000000696E646578203C2082
:10FED800636F756E745F6F66286173796E635F63B5
:10FEE8006F6E74657874735F62795F757365725F3E
:10FEF800697271290000000073656C662D3E636F9E
:10FF080072652E636F72655F6E756D203D3D206171
:10FF18006C61726D5F706F6F6C5F636F72655F6E3F
:10FF2800756D2873656C662D3E616C61726D5F70CE
:10FF38006F6F6C29000000002169735F61745F7442
:10FF480068655F656E645F6F665F74696D65286577
:10FF580061726C6965737429000000002F686F6D09
:10FF6800652F72656E6E657272612F2E7069636F90
:10FF78002D73646B2F73646B2F322E322E302F73D8
:10FF880072632F7270325F636F6D6D6F6E2F706961
:10FF9800636F5F6173796E635F636F6E74657874A6
:10FFA8002F6173796E635F636F6E746578745F62D7
:10FFB8006173652E630000007364615F74785F6825
:10FFC8006F6C645F636F756E74203C3D206C636E6C
:10FFD80074202D20320000002F686F6D652F726528
:10FFE8006E6E657272612F2E7069636F2D73646B0C
:08FFF8002F73646B2F322E32CF
:020000041001E9
:100000002E302F7372632F7270325F636F6D6D6F5E
:100010006E2F68617264776172655F6932632F6900
:1000200032632E63000000003000011007FF010062
:1000300080E020203FE0C100431F30C0A02000002E
:100040000900000008000000070000000600000092
:10005000ABAAAABE000000BE0000003EABAAAA3EAA
:100060006800011011FF0100A08081E001E03DE087
:1000700042BD42BD42BD42BD42BD441D80E027A0FD
:10008000CE000F004C00C1A0008000001200000054
:100090001300000014000000150000000C17000001
:1000A00034210000D0200000E02E0000C9AF000085
:1000B000C9AF0000C9AF0000C9AF000011000000C7
:1000C00010000000160000007800000000008040D2
:1000D000F4150110F4150110CC15011052B85E3F53
:1000E0002500000078000000000040403415011099
:1000F0009C14011050140110A4707D3F4C000000AE
:10010000B40000000000404038120110201001101F
:10011000140F0110C3F5683F0C010000BE00000081
:1001200000008040B80E01105C0E01102C0E011072
:1001300052B85E3F2D0000007D00000000008040AE
:10014000A00C01101C0B0110580A01106666663FD6
:10015000C50000007800000000008040180A01106F
:10016000D8090110B809011052B85E3F2000000004
:10017000B40000000000804038090110B8080110E8
:100180007808011052B85E3F40000000F000000007
:10019000000080404807011018060110800501107A
:1001A0006666663F9800000068000000000080401E
:1001B000D40401103C040110E003011052B85E3F6A
:1001C00059000000950000000000804094030110D9
:1001D000440301101C0301109A99593F26000000A6
:1001E0005A00000000008040EC020110BC02011027
:1001F000A402011052B85E3F170000007200000018
:10020000000080406C02011034020110180201103D
:100210000000403F1C000000080808080404020811
:100220000808080804040808040808080804040466
:100230000808040293009300930093006200620098
:100240006E006E00930093009300930062006200C2
:100250006E006E00930093009300930062006200B2
:100260006E006E00930093006E006E00B801EE0108
:100270004B02EE01E402E40293020000B801EE0139
:100280004B02EE01930293024B022A02EE01B801E7
:10029000EE014B02EE014B0293022A02B801B801B3
:1002A00093024B0201040402040404010104040249
:1002B0000404040102020202020201005200520080
:1002C000520052005200520052005200830083003C
:1002D0008300830093009300930093005200520028
:1002E000520052005200520052005200000093028D
:1002F000E4021003E40293024B0293020000930213
:10030000E402100370031003E4029302DC037003A1
:100310001003E40293024B02930200000408080455
:100320000808040808040808040404040404040475
:10033000040804080804080408080408080404045D
:1003400004040000A500A500A500A5006E006E0035
:100350006E006E00A500A500A500A5006E006E0051
:100360006E006E00A500A500A500A5006E006E0041
:100370006E006E009300930093009300830083004F
:1003800083008300A500A500A500A5006E006E00F7
:100390006E006E002705DC03170497041704DC03C6
:1003A000700370031704270597041704DC03170470
:1003B0009704270517047003700300009704750560
:1003C000E00620067505270517042705970417047E
:1003D000DC03DC031704970427051704700370037C
:1003E0000808081010040808080810100408080875
:1003F000081010080808080808040410101010104D
:10040000080810101010100808101010101008081C
:100410000808080804040808101010081010100834
:100420001010100808101004080810101008101000
:10043000100810100808101004000000930093002A
:1004400093009300A500A5006E006E006E006E0084
:100450009300930093009300A500A5006E006E002A
:100460006E006E009300930093009300A500A5001A
:10047000A500A500AF00AF00AF00AF00C400C400EE
:10048000C400C4009300930093009300A500A5004E
:100490006E006E006E006E0062006200620062001C
:1004A000A500A5006E006E006E006E009300930024
:1004B00093009300A500A5006E006E006E006E0014
:1004C0006200620062006200A500A5006E006E007E
:1004D0006E006E000B020B020B020B02EE01B80164
:1004E00000000B020B020B020B0293024B020000F6
:1004F0000B020B020B020B02EE01B801B8018801DE
:10050000880188018801B801B8010B020B020B02B7
:100510000B020B020B020B024B024B024B024B0273
:100520004B024B02930293029302930293029302B3
:100530001003100310031003100370034B02700329
:100540000B020B020B029302700370037003DC03B7
:10055000100310031003DC031704DC03DC03700337
:100560000B020B020B029302700370037003DC0397
:1005700010031003DC031704DC03DC03700300002A
:100580000808040308040404080808080804030809
:1005900004040408080808080403080404040808FC
:1005A00008080804030804040408080808080403E9
:1005B00008040404080808080804030804040408DC
:1005C00008080808040308040404080808080804C4
:1005D00003080404040808080404040404040404CC
:1005E00004040404040404040404040404040404CB
:1005F00004040404040404040808040404040404B3
:1006000004040404040404040808040404040404A2
:10061000040404040404040493009300930093006E
:100620009300930093009300930093009300830042
:1006300083008300830083008300830083008300A2
:10064000830083007B007B007B007B007B007B00C2
:100650007B007B007B007B007B00750075007500D4
:1006600075007500750075007500750075007500E2
:1006700093009300930093009300930093009300E2
:100680009300930093008300830083008300830022
:100690008300830083008300830083007B007B0052
:1006A0007B007B007B007B007B007B007B007B0072
:1006B0007B0075007500750075007500750075008C
:1006C000750075007500750093009300930093000A
:1006D00083008300830083007B007B007B007B0022
:1006E0006E006E006E006E00930093009300930006
:1006F000A500A500A500A500AF00AF00AF00AF00AA
:10070000DC00DC00DC00DC0093009300930093002D
:100710009300930093009300830083008300830081
:1007200083008300830083007B007B007B007B00D1
:100730007B007B007B007B007500750075007500F9
:100740007500750075007500260126014B02B80181
:1007500000009F0188015D0126015D0188010601FD
:1007600006014B02B80100009F0188015D012601CE
:100770005D018801F700F7004B02B80100009F01FE
:1007800088015D0126015D018801E900E9004B0255
:10079000B80100009F0188015D0126015D0188010B
:1007A000260126014B02B80100009F0188015D016E
:1007B00026015D018801060106014B02B801000017
:1007C0009F0188015D0126015D018801F700F700A6
:1007D0004B02B80100009F0188015D0126015D0107
:1007E0008801E900E9004B02B80100009F0188017F
:1007F0005D0126015D018801BA02BA02BA02BA029D
:1008000093029302930293024B024B024B024B0260
:10081000B801B801B801B801BA02BA02BA02BA0204
:1008200010031003100310033F033F033F033F0374
:1008300070037003700370039704970497047003A8
:100840009704170470031003BA02BA02BA02BA027C
:100850001003100310031003970497049704700308
:10086000970417047003100370031003BA024B02BD
:100870000B024B02BA0210031010101010101010CF
:1008800010101010101010100808080808080808A8
:100890001010101010100808101010101010101068
:1008A0001010101010101010101010101010101048
:1008B000101010101010101093009300930093006C
:1008C0009300930093009300930093009300930090
:1008D0009300930093009300930093009300930080
:1008E0009300930093009300AF00AF00AF00AF0000
:1008F000D000D000D000D00093009300930093006C
:100900009300930093009300AF00AF00AF00AF00DF
:10091000AF00AF00AF00AF00C400C400C400C4000B
:10092000C400C400C400C400D000D000D000D00077
:10093000D000D000D000D000A40370033F03100308
:100940003F031003E402BA02E402BA0293026E0209
:1009500093026E024B022A024B024B024B024B02E5
:100960004B024B024B024B024B02BA0210033F03F5
:10097000A40317049704000097044B024B0297044A
:100980004B024B0297044B027505BA02BA02750579
:10099000BA02BA027505BA02200610031003200637
:1009A00010031003200610037D063F033F037D065E
:1009B0003F033F037D063F030808080808080404B6
:1009C00008080808080804040808080808080404B7
:1009D00008080808080804044A0106014A0106013B
:1009E0004A0106014A0100005D0126015D01260160
:1009F0005D0126015D01000088014A0188014A016C
:100A000088014A0188010000B8015D01B8015D015B
:100A1000B8015D01B80100001704100317041003AA
:100A20001704100317040000970470039704700361
:100A3000970470039704000027051704270517047F
:100A40002705170427050000750597047505970409
:100A500075059704750500000810100408080408BF
:100A600008101010101010101002040810100808C0
:100A700008020810100808080208080804080802FC
:100A800008080804080808080808080808080808EA
:100A900008080802040810100808080208101008C6
:100AA00008080208080804080802080808040808DA
:100AB00008080808080808080808080808020808BC
:100AC00008080808080808080808080808080408AA
:100AD00008040408080404080804040808040408B6
:100AE0000804040808040808080808080808080892
:100AF000080804040402040810100808080208107A
:100B00001008080802080808040808020808080471
:100B100008080808040404040404040175007500AE
:100B2000750075007500750075007500750057003B
:100B300057005700570057005700570057005700FD
:100B40007500750075007500570057005700570075
:100B50007500750075007500570057005700570065
:100B60004E004E004E004E004E004E004E0045001E
:100B70004500450045004500450045004500410051
:100B8000410041004100410041004100410041005D
:100B90004100410057007500750075007500570051
:100BA0005700570057007500750075007500570015
:100BB0005700570057004E004E004E004E004E00AA
:100BC0004E004E00450045004500450045004500EB
:100BD0004500450041004100410041004100410005
:100BE00041004100410041004100570057005700BB
:100BF000570057005700570057005700570057003D
:100C000057005700570057005700570075007500F0
:100C1000750075004E004E004E004E005700570004
:100C2000570057005D005D005D005D0068006800D2
:100C300068006800750075007500750075006E002D
:100C4000680062005D00570052004E0049004500F8
:100C500041003E003A003A003A003A007500750043
:100C60007500750057005700570057007500750054
:100C70007500750057005700570057004E004E0092
:100C80004E004E004E004E004E004500450045000F
:100C90004500750075007500750075007500000051
:100CA000D2015D01D201D2010B024B024B026E0256
:100CB000BA02BA02BA02BA02BA02BA02BA02BA0254
:100CC000BA02BA02D2015D01D201D2010B024B027B
:100CD0006E02BA02BA02BA02BA02E4023F03A403E5
:100CE000A403A403A4033F03E4023F03E402BA0203
:100CF000BA02BA026E026E02BA02E402BA026E02CE
:100D00002A022A026E02BA026E022A020B020B02A9
:100D10004B0293021003BA02A403BA02A403A40371
:100D200017049704DD047505750575057505C80577
:100D30007D0649074907490749077D06C8057D061D
:100D4000C805750575057505DD04DD047505C8055F
:100D50007505DD0455045504DD047505DD045504F1
:100D6000170417049704270520067505BA02BA026E
:100D7000BA02BA02BA02BA02BA02BA02BA02BA0293
:100D8000BA02BA02BA02BA02BA02BA024B024B0261
:100D90004B024B026E026E026E026E02BA02BA0281
:100DA000BA02BA02E402E402E402E4023F033F03AF
:100DB0003F033F03A403A403A403A403D201B80187
:100DC0009F01880172015D014A0137012601150169
:100DD0000601F700E900E900E900E900D2015D0140
:100DE000D201D2010B024B026E02BA02BA02BA025F
:100DF000BA02E4023F03A403A403A403A4033F0331
:100E0000E4023F03E402BA02BA02BA026E026E02C0
:100E1000BA02E402BA026E022A02D201D201D2015F
:100E2000D201D201D201D201D20100000804080887
:100E30000808040804040408080808080404061044
:100E4000080808080808080808080808080404062C
:100E5000100808080808080808000000930093001C
:100E6000000093000000930093000000C400000005
:100E700062000000C400A5008300AF00C400B900F8
:100E8000AF00A50006014A015D0126014A010601E5
:100E9000DC00F700C400C400A5008300AF00C4005C
:100EA000B900AF00A50006014A015D0126014A0113
:100EB0000601DC00F700C4009302930200009302D5
:100EC00000000B02930200001003000088010B02D7
:100ED00088014A01B801EE01D201B80188019302EC
:100EE00010037003BA02100393020B024B02EE01CF
:100EF0000B0288014A01B801EE01D201B801880154
:100F0000930210037003BA02100393020B024B0208
:100F1000EE01000008080808080808080808080882
:100F20000808080808080808080808080808040449
:100F30001008080404100808040410080804040831
:100F40000808040410080804041008080404100821
:100F50000804080808040410080804041008080419
:100F6000041008080404080808040410080804040D
:100F700010080804041008080408080804080804F5
:100F80000408040404080804040808080408080401
:100F900004080404040808040408080808080808E9
:100FA00008080808080808080808080808080808C1
:100FB00008080808080808080808080808080808B1
:100FC00008080808080808080808080804040808A9
:100FD00004040808040408080408080804040808AD
:100FE0000404080804040808040808080404100895
:100FF000080404100808040410080804040804087D
:101000000808080802080808080804080808080270
:101010000808080804040402080808080404040175
:101020009300930093009300930093009300930028
:101030009300930093009300930093009300930018
:101040009300930093009300930093009300930008
:10105000930093009300930000009300930093008B
:10106000930000006E006E006E006E0000006E00C7
:101070006E006E006E0000009300930093009300DA
:101080000000930093009300930000006E006E0038
:101090006E006E0000006E006E006E000000930097
:1010A000930093009300000093009300930093003B
:1010B00000006E006E006E006E0000006E006E009C
:1010C0006E006E00000093009300930093000000F8
:1010D000930093009300930000006200620062009E
:1010E0006200000062006200620062000000930083
:1010F00093009300930093009300930000009300EB
:1011000093006E006E00930093006E000000930049
:1011100093009300930093009300930000009300CA
:1011200093006E006E00930093006E000000930029
:10113000930093009300AF00AF00AF00AF00C40076
:10114000C400C400C400DC00DC00DC00DC0075006E
:101150007500750075006E006E0062006200570039
:10116000570052005200490049006E006E00930083
:10117000930093009300AF00AF00AF00AF00C40036
:10118000C400C400C400DC00DC00DC00DC00930010
:1011900093009300930093009300C400C400C40024
:1011A000C400C400C40093009300930000009300A7
:1011B00093009300930093009300C400C400C40004
:1011C000C400C400C4009300930093000000930087
:1011D000930093009300000093009300930093000A
:1011E00000006E006E006E006E0000006E006E006B
:1011F0006E006E0000009300930093009300930034
:101200009300930000006E006E006E006E006E0092
:101210006E006E006E006E009300930093009300CA
:1012200093009300930093009300490093004900BA
:1012300093009300930093002601260126012601C6
:101240002601260126012601260126012601260166
:101250002601260126012601260126012601260156
:101260002601260126012601B8010B024B024B0282
:1012700000004B029302BA02BA020000BA02100345
:101280009302930200004B020B020B024B02000080
:10129000B8010B024B024B0200004B029302BA0250
:1012A000BA020000BA0210039302930200004B023C
:1012B0000B024B020000B8010B024B024B02000074
:1012C0004B029302BA02BA020000BA021003930260
:1012D000930200004B020B020B024B020000B8010C
:1012E0000B024B024B0200004B02BA021003100328
:1012F000000010037003A403A40300007003100394
:1013000070034B0200004B029302BA02BA021003B0
:1013100070034B0200004B02BA0293029302BA021E
:101320004B02930200004B029302BA02BA0210036E
:1013300070034B0200004B02BA0293029302BA02FE
:101340004B02930200004B024B024B024B02BA02CB
:10135000BA02BA02BA02100310031003100370039A
:10136000700370037003A403A403A403A403700315
:10137000700310031003BA02BA02930293024B02E5
:101380004B02930293024B024B024B024B02BA02F6
:10139000BA02BA02BA02100310031003100370035A
:1013A000700370037003B8010B024B024B024B0237
:1013B000BA021003100310037003A403A403700304
:1013C000100370030000B8010B024B024B024B02EA
:1013D000BA021003100310037003A403A4037003E4
:1013E00010037003000070031704970497040000B3
:1013F0009704270575057505000075052006270566
:1014000027050000970417041704970400009704A9
:101410007003A40370031003BA024B0200004B02D6
:101420009302BA021003700370031003BA0293020E
:101430004B024B024B024B024B024B024B024B0244
:101440004B0226014B0226014B024B024B024B0280
:10145000060C04040402060C040404020808040434
:101460000402080804040808020306060303010333
:101470000606030301040404040208080408080221
:1014800004040808080804040404080808080204FE
:101490000808080808010404080804018300830000
:1014A000A500C400060106010601C400A5008300D2
:1014B00093006200C400C4000601C400A500C4007B
:1014C000AF00C40083008300830083008300060113
:1014D00006010601060106010601F700F700F70004
:1014E000F700F700F700DC00DC00DC00A500C4001A
:1014F000AF00C4008300830093006200A500A50034
:10150000A500A500A500AF00AF00AF0093009300B9
:1015100093009300C400C400C400C400C400A5002C
:10152000AF00C400DC00F7000601C400A500AF0056
:10153000C4008300100393020B02930210031704EC
:101540002705970417049302E40210031003100305
:10155000270597041704DC037003DC031704170442
:10156000100393020B0227052705270575052006A2
:10157000200675052705970427057505750575056A
:10158000270597041704DC037003DC031704930298
:10159000E40210031003170417041704DC0370039C
:1015A0007003700397047505270597041704170443
:1015B000DC031003100317049704270575052006A4
:1015C00017049704270575059704170404040404F9
:1015D00004040404040404040404040404040404CB
:1015E00004040404040404040404040404040404BB
:1015F00004000000000083008B0093009C00A50005
:10160000AF00B900C400D000DC00E900F70006011B
:101610001501260137014A015D01720188019F0110
:10162000B801D201EE010B022A024B026E029302B4
:10163000BA02E40210033F037003A403DC030000BA
:10164000080501207E000000000000005F0000008F
:1016500007000700147F147F14242A7F2A12231303
:1016600008646236495620500008070300001C2217
:1016700041000041221C002A1C7F1C2A08083E0849
:10168000080080703000080808080800006060004A
:1016900020100804023E5149453E00427F4000723E
:1016A000494949462141494D331814127F102745B5
:1016B0004545393C4A4949314121110907364949D3
:1016C0004936464949291E000014000000403400F4
:1016D00000000814224114141414140041221408A8
:1016E00002015909063E415D594E7C1211127C7F60
:1016F000494949363E414141227F4141413E7F496E
:101700004949417F090909013E414151737F080858
:10171000087F00417F41002040413F017F081422A3
:10172000417F404040407F021C027F7F0408107FC1
:101730003E4141413E7F090909063E4151215E7FFC
:1017400009192946264949493203017F01033F40CF
:1017500040403F1F2040201F3F4038403F63140857
:10176000146303047804036159494D43007F4141E8
:10177000410204081020004141417F04020102049B
:101780004040404040000307080020545478407F08
:10179000284444383844444428384444287F385442
:1017A00054541800087E090218A4A49C787F0804E9
:1017B000047800447D40002040403D007F102844D4
:1017C0000000417F40007C047804787C08040478A1
:1017D0003844444438FC1824241818242418FC7C69
:1017E00008040408485454542404043F44243C404E
:1017F00040207C1C2040201C3C4030403C442810B1
:1018000028444C9090907C4464544C4400083641E9
:1018100000000077000000413608000201020402C7
:101820000000000102000208000810010100000091
:1018300000FF000F0000000000200B0000020A2142
:1018400000000500000000C8000038FF010008008B
:101850000001CC0F01F10D0168008008B800000004
:10186000000F8900000000000000010F0D0E0E00A7
:101870000002C7FF9B00000001000000FFFFFF0502
:10188000020401070300FFFF090DFFFFFFFF0A0627
:10189000FFFF0B0C6770696F5F72656D6F76655F38
:1018A0007261775F6972715F68616E646C65725FA7
:1018B0006D61736B656400006770696F5F6164647C
:1018C0005F7261775F6972715F68616E646C657287
:1018D0005F776974685F6F726465725F7072696F59
:1018E000726974795F6D61736B6564006770696FAD
:1018F0005F7365745F6972715F656E61626C656468
:101900000000000068775F636C61696D5F636C6500
:10191000617200006972715F6164645F7461696C17
:101920005F746F5F667265655F6C69737400000059
:10193000696E736572745F626C5F33320000000021
:101940006972715F72656D6F76655F68616E646CF8
:10195000657200006D616B655F6A5F313600000083
:101960007265736F6C76655F6A5F313600000000E8
:101970006972715F6164645F7368617265645F68F6
:10198000616E646C657200006972715F7365745F8B
:101990006578636C75736976655F68616E646C65A4
:1019A000720000007265637572736976655F6D75AC
:1019B0007465785F65786974000000006D75746502
:1019C000785F6578697400006D757465785F656E21
:1019D0007465725F626C6F636B5F756E74696C00C7
:1019E0007265637572736976655F6D757465785F2E
:1019F0007472795F656E746572000000726563755C
:101A000072736976655F6D757465785F656E746510
:101A1000725F626C6F636B696E67000072756E74E3
:101A2000696D655F696E69745F6D757465780000D6
:101A3000616C61726D5F706F6F6C5F6465737472FF
:101A40006F790000616C61726D5F706F6F6C5F67C2
:101A500065745F64656661756C740000616C6172C9
:101A60006D5F706F6F6C5F6972715F68616E646CDF
:101A70006572000000000000FFFFFFFFFFFFFF7F17
:101A8000706C6C5F696E697400000000646566616B
:101A9000756C745F656E7465725F736166655F7A9D
:101AA0006F6E655F74696D656F75745F6D7300004F
:101AB00006005250D3F07542A8EA001006005250BA
:101AC000E182887FC4F50010060052503ABCA9118B
:101AD000D4F5001006005250ABB36053D8F5001097
:101AE00006005250BBFF3CB6E0F500100600525015
:101AF000861C0302E8F50010060052505422A29DF5
:101B0000F4F5001005005250DE65F4688C420110B7
:101B1000000000000000F03F000000000000244032
:101B200000000000000059400000000000408F400D
:101B3000000000000088C34000000000006AF84078
:101B40000000000080842E4100000000D01263419C
:101B50000000000084D797410000000065CDCD4112
:101B60000D0A000000000000299500100000000090
:101B70002D95001039950010719500106D9500108D
:101B8000000000000A00000000000306A600080094
:101B9000020002009C001400030057494E555342B6
:101BA00000000000000000000000800004000100B0
:101BB0002800440065007600690063006500490064
:101BC0006E007400650072006600610063006500CD
:101BD000470055004900440000004E007B006200B1
:101BE00063003700330039003800630031002D00F6
:101BF00037003300630064002D003400630062008E
:101C000037002D0039003800620038002D003900FF
:101C10003100330061003800660063006100370066
:101C20006200660036007D0000000000050F210004
:101C3000011C100500DF60DDD88945C74C9CD265CA
:101C40009D9E648A9F00000306A60001000000001C
:101C50000600525053B4F4A1A8F6001073746469DE
:101C60006F5F7573625F696E697400000000000049
:101C7000BCF60010CCF60010C03B0020D4F60010DB
:101C8000E0F6001009025400030100807D080B00FB
:101C900002020200000904000001020200040524FF
:101CA0000020010524010001042402060524060089
:101CB000010705810308001009040100020A000061
:101CC00000070502024000000705820240000009EB
:101CD00004020000FF00010512011002EF020140A2
:101CE0008A2E090000010102030100007069636F80
:101CF0005F6765745F756E697175655F626F61724C
:101D0000645F69645F737472696E67005F726574A3
:101D100072696576655F756E697175655F69645F27
:101D20006F6E5F626F6F7400666C6173685F64658D
:101D300076696E666F5F707472000000666C617326
:101D4000685F72616E67655F70726F6772616D0068
:101D5000666C6173685F72616E67655F65726173FF
:101D6000650000006463645F656470745F78666535
:101D7000720000006463645F7365745F6164647221
:101D8000657373006463645F696E745F656E61623E
:101D90006C65000068775F656E64706F696E745F74
:101DA000616C6C6F630000006463645F696E6974EA
:101DB0000000000073796E635F65705F6275666630
:101DC00065720000757362645F656470745F786645
:101DD00065720000757362645F656470745F6F7034
:101DE000656E0000757362645F6F70656E5F656439
:101DF00070745F706169720071756575655F657695
:101E0000656E740070726F636573735F6765745F8E
:101E100064657363726970746F72000070726F63CF
:101E20006573735F7365745F636F6E6669670000E7
:101E300070726F636573735F636F6E74726F6C5FE4
:101E40007265717565737400636F6E66696775722C
:101E50006174696F6E5F7265736574007475645F39
:101E60007461736B5F657874000000007475645F63
:101E70007268706F72745F696E69740000000000B0
:101E8000EDB1001091B20010D1B2001049B30010B2
:101E90006DB400108DB500100000000000000000BF
:101EA00015B70010A5B70010D5B700101DB8001069
:101EB000CD95001061B900100000000075736264D8
:101EC0005F636F6E74726F6C5F786665725F63627A
:101ED000000000007475645F636F6E74726F6C5FF6
:101EE0007866657200000000636463645F7866650D
:101EF000725F636200000000636463645F6F70651B
:101F00006E0000007475645F6364635F6E5F777278
:101F10006974655F666C75736800000076656E6451
:101F20006F72645F6F70656E0000000074755F65AE
:101F30006470745F73747265616D5F726561645F14
:101F4000786665720000000074755F656470745F88
:101F500073747265616D5F77726974655F786665C9
:101F60007200000074755F656470745F73747265ED
:101F7000616D5F77726974655F7A6C705F69665FC7
:101F80006E6565646564000074755F656470745F98
:101F900076616C6964617465000000007475736239
:101FA0005F7268706F72745F696E69740000000020
:101FB0006D756C7469636F72655F6C6F636B6F7561
:101FC000745F656E645F626C6F636B5F756E74697E
:101FD0006C0000006D756C7469636F72655F6C6195
:101FE000756E63685F636F7265315F776974685F90
:101FF000737461636B0000006D756C7469636F725C
:10200000655F72657365745F636F726531000000B0
:102010001820011006FF01000160401080E042B06E
:102020000140841070696F5F72656D6F76655F70D7
:10203000726F6772616D000066696E645F6F6666DD
:102040007365745F666F725F70726F6772616D0047
:1020500063797734335F6472697665725F6465694A
:102060006E69740063797734335F6972715F646598
:10207000696E69740000000063797734335F736CB4
:102080006565705F74696D656F75745F72656163B6
:102090006865640063797734335F646F5F706F6C79
:1020A0006C00000063797734335F6972715F696E29
:1020B000697400006C6F775F7072696F5F6972712D
:1020C0005F696E69740000006C6F775F7072696F92
:1020D000726974795F6972715F68616E646C657250
:1020E000000000006C6F775F7072696F5F697271DA
:1020F0005F6465696E6974006173796E635F636FB5
:102100006E746578745F7468726561647361666526
:102110005F6261636B67726F756E645F6465696E41
:10212000697400006173796E635F636F6E746578C4
:10213000745F746872656164736166655F62616330
:102140006B67726F756E645F696E69740000000082
:1021500070726F636573735F756E6465725F6C6FC9
:10216000636B00006173796E635F636F6E74657893
:10217000745F746872656164736166655F626163F0
:102180006B67726F756E645F657865637574655FA4
:1021900073796E63000000000200000079D0001027
:1021A00099D2001085D0001005D200107DD4001007
:1021B0005DD400103DD400101DD40010B7D2001023
:1021C0000000000003D40010F9D3001019D3001050
:1021D0006173796E635F636F6E746578745F62615B
:1021E00073655F72656D6F76655F72656164795F57
:1021F00061745F74696D655F776F726B6572000003
:102200006932635F7365745F62617564726174657E
:0422100000000000CA
:08221400D0C0FF7F01000000B3
:10221C00B01A0110BC1A0110C81A0110D41A0110FE
:10222C00E01A0110EC1A0110F81A0110041B01102D
:04223C00501C011021
:102240000268EFF3108372B6D2E8CFCF0121BCF160
:10225000000FF9D1C2E84C1FBCF1000FF4D1BFF35D
:102260005F8FB0F90420002A07DC01680022C1E872
:102270008F2F83F3108820BFE2E7013A8280016844
:102280000022C1E88F2F83F31088704770B5044691
:1022900016461D462168EFF3108C72B6D1E8CF2F99
:1022A0000123002AFAD1C1E8423F002AF6D1BFF348
:1022B0005F8FB4F904E0BEF1000F0DDC226800234B
:1022C000C2E88F3F8CF310883046294601F030FB7E
:1022D0000028DFD000200AE00EF1FF3EA4F804E061
:1022E00022680023C2E88F3F8CF31088012070BD64
:1022F0000268EFF3108372B6D2E8CFCF0121BCF1B0
:10230000000FF9D1C2E84C1FBCF1000FF4D1BFF3AC
:102310005F8FB0F90420B0F906108A420ADA013260
:10232000828001680022C1E88F2F83F3108840BFAC
:102330000120704702680020C2E88F0F83F31088E5
:10234000704700B54FF0504393F900E00268EFF397
:10235000108372B6D2E8CFCF0121BCF1000FF9D1C2
:10236000C2E84C1FBCF1000FF4D1BFF35F8F90F9AE
:102370000420002A07DB01680022C1E88F2F83F3C5
:10238000108820BFE2E780F804E001680022C1E87D
:102390008F2F83F310885DF804FB000008B54FF021
:1023A000504393F900C00CE0194B1A4A59211A48BE
:1023B00001F0C6FA01680022C1E88F2F83F310886C
:1023C00020BF0268EFF3108372B6D2E8CFEF01218D
:1023D000BEF1000FF9D1C2E84E1FBEF1000FF4D1DB
:1023E000BFF35F8F90F90420624501D0002AE1DA43
:1023F00080F804C042790132D2B2427100680021F3
:10240000C0E88F1F83F31088002ACDD008BD00BF1D
:10241000A4F20010FC19011064F2001000B503468C
:102420000068EFF3108272B6D0E8CFEF5FF0010CD6
:10243000BEF1000FF8D1C0E84ECFBEF1000FF3D1CE
:10244000BFF35F8F93F9040000280ADB81B10860B5
:10245000002019680023C1E88F3F82F310885DF8DF
:1024600004FB4FF0504191F9001019710120F0E781
:102470000020EEE710B503464FF0504292F900E01D
:102480000068EFF3108272B69446D0E8CF4F012275
:10249000002CFAD1C0E8442F002CF6D1BFF35F8F97
:1024A00093F90420002A05DB724503D0B9B10A6014
:1024B000002007E083F804E05A790132D2B25A7161
:1024C0003AB101201A680023C2E88F3F8CF31088CC
:1024D00010BD044B044A8621044801F031FA002063
:1024E000F0E700BFA4F20010E019011064F2001040
:1024F000F8B51E460368002B27D0044615464FF05A
:10250000504393F900702168EFF3108C72B6D1E854
:10251000CF2F0123002AFAD1C1E8423F002AF6D189
:10252000BFF35F8F94F904E0BEF1000F13DB226864
:102530000023C2E88F3F8CF310882846314601F013
:10254000F7F90028DFD000200DE0074B074AA6214D
:10255000074801F0F5F9277122680023C2E88F3F90
:102560008CF310880120F8BDACF20010C8190110DE
:1025700064F2001070B582B0064615461C4601A9EB
:10258000FFF74CFF38B99DF904204FF0504393F901
:1025900000309A4201D102B070BD2A46234630462F
:1025A000FFF7A6FFF7E738B504460D4601F0C4F97A
:1025B000EB0E4FEA451CBCEB050C63F100039B00DE
:1025C00043EA9C734FEA8C0C1CEB050C43F10003AF
:1025D000DB0043EA5C734FEACC0C10EB0C0243EBDC
:1025E0000103002B03DB2046FFF782FF38BD4FF0CD
:1025F000FF326FF00043F6E708B50268EFF310838F
:1026000072B6D2E8CFCF0121BCF1000FF9D1C2E8F8
:102610004C1FBCF1000FF4D1BFF35F8F90F9042081
:10262000002A09DBFF22027101680022C1E88F2F16
:1026300083F3108840BF08BD024B034AD5210348ED
:1026400001F07EF9C0F20010BC19011064F2001014
:1026500008B50168EFF3108372B61A46D1E8CFCF00
:102660000123BCF1000FF9D1C1E84C3FBCF1000FD0
:10267000F4D1BFF35F8F90F90430002B0FDB437967
:102680009BB1013BDBB24371ABB9FF23037101681E
:102690000023C1E88F3F82F3108840BF08BD094B7B
:1026A000094ADC21094801F04BF9094B064ADD21B2
:1026B000064801F045F901680023C1E88F3F82F325
:1026C0001088EBE7C0F20010A419011064F20010AA
:1026D000E4F200100A4B1B7883B9002209E0930052
:1026E00003F1804303F560231968064B43F8221079
:1026F00001323F2AF3DD024B01221A70704700BFFE
:10270000D73B0020A82A002008B5014B984708BDF8
:10271000A92A0020034B1A6A02609A6A42605B6A27
:102720008360704700000D4008B50023DB8A40211C
:1027300044F24640984708B1006808BD034B044A7C
:102740004FF4B271034801F0FBF800BF48F70010E6
:10275000281D01104CF7001010B5044600F06CF96C
:1027600000220AE0930003F1804303F580235968B7
:10277000931C04EB830359600132052AF2D92046E9
:10278000FFF7C8FF10BD10B50446FFF7CDFF1CB121
:102790000088C0F3033010BD0A20FCE710B50446E2
:1027A0000120FFF7F0FF38B92268074B1A62626810
:1027B0009A62A2685A6210BD034B4FF48052DA62EB
:1027C0004AF202021A63F6E700000D4008B5002243
:1027D0000AE0931C00EB83035968930003F18043E4
:1027E00003F5802359600132052AF2D9FFF7D6FF9D
:1027F00008BD00002DE9F0478AB00B18B3F5800F33
:1028000055D8074688460023DA8A002343E800F3B8
:1028100013F4800F51D1102144F2496090470546CE
:102820000023DA8A002343E800F313F4800F4AD12F
:10283000102145F64500904704460023DA8A00231C
:1028400043E800F313F4800F43D1102144F25250B7
:10285000904706460023DA8A002343E800F313F486
:10286000800F3CD1102144F2463090478246002D23
:102870003AD0002C38D0002E36D0002834D0FFF7C4
:1028800029FF0DF104094846FFF766FFA847A04756
:10289000D8234FF4803241463846B047D047FFF73F
:1028A00033FF4846FFF792FF0AB0BDE8F087114BAF
:1028B000114AC121114801F043F8042144F2496052
:1028C00090470546ACE7042145F64500904704468D
:1028D000B3E7042144F2525090470646BAE7042178
:1028E00044F246309047C1E7054B034AC9210348EB
:1028F00001F026F804F80010501D01104CF70010EC
:1029000030F800102DE9F04F8BB01318B3F5800F9D
:1029100054D80746894690460023DA8A002343E8C4
:1029200000F313F4800F4FD1102144F24960904717
:1029300005460023DA8A002343E800F313F4800FEE
:1029400048D1102145F64500904704460023DA8A15
:10295000002343E800F313F4800F41D1102145F226
:102960005200904706460023DA8A002343E800F32A
:1029700013F4800F3AD1102144F24630904782463A
:10298000002D38D0002C36D0002E34D0002832D084
:10299000FFF7A0FE0DF1040B5846FFF7DDFEA84738
:1029A000A047424649463846B047D047FFF7ACFEFD
:1029B0005846FFF70BFF0BB0BDE8F08F114B124AE2
:1029C000E021124800F0BCFF042144F24960904726
:1029D0000546AEE7042145F6450090470446B5E7B5
:1029E000042145F2520090470646BCE7042144F218
:1029F00046309047C3E7064B034AE821034800F0FE
:102A00009FFF00BF04F800103C1D01104CF70010A0
:102A100098F80010014407E0831803F1C0534FF009
:102A2000000C83F800C008308842F5D3BFF34F8F05
:102A3000BFF36F8F7047000008B501224FF480414B
:102A40000148FFF7E7FF08BD00C0FF0308B50023FA
:102A500008E00A4A0133002142F8331002EBC302B6
:102A60005160DBB20E2BF4D94FF470720021044890
:102A700000F072FF034B044A1A6008BD00001050BA
:102A8000683700204C3B0020800110502DE9F043B6
:102A900085B01F4B9E6D0024012504E026EA050643
:102AA0006D000134E4B286B31F2C2ED82E42F7D02D
:102AB000184B9D654FEA540904F0010787F00107A0
:102AC00004F0FE033B44144A02EB4318404600F076
:102AD00033FA0028E2D007EB49070F4B03EB47130B
:102AE0009978DA8A00238DF8043007208DF80500E4
:102AF0008DF8081003928DF80930012101A800F02B
:102B000039FA404600F0B3F9C8E705B0BDE8F083F4
:102B10000000115000301150283700202DE9F043FB
:102B200085B0744BD3F8985015F4003647D0724BEB
:102B30009A6A724B1A60002427460AE0704B03EB36
:102B40008413002283F83C2000F0BEF9374601349C
:102B5000E4B20F2C19D8A20102F12000684B1844EE
:102B6000134493F83B30022BF1D1654B03EB8413F4
:102B700093F83A60002EEAD0614B03EB841393F88C
:102B80003C30002BDAD13746E1E73FB95D4B1B788B
:102B900023B95D4B4FF40032C3F89020554B9B6C2A
:102BA000C3F30A0300228DF8042003228DF80520C8
:102BB0000293012101A800F0DDF94FF4003615F071
:102BC000100F06D115F4803F49D046F4803600241A
:102BD00023E046F01006FFF759FFF3E74FF0020835
:102BE0004A4BC3F86080434B5B6E38EA0303FAD16B
:102BF0004FF440520021384600F040F9384600F0CA
:102C000036F9414BC3F86480C3F860803C4B03EB5A
:102C100049130122DA701444E4B2012C0BD8A14606
:102C2000374F07EB4417BB7E002BEFD0002CD5D0DD
:102C30004FF00108D4E700238DF8043006238DF807
:102C40000530334B93E8030004AB03E90300012193
:102C500001A800F08FF92C4B4FF400321A6515F4DF
:102C6000805F0AD115F4804F1DD115F4004F2BD190
:102C7000AE423AD105B0BDE8F08346F48056002458
:102C80001C4B1C60FFF7E2FE8DF8044001218DF81B
:102C900005108DF8084001A800F06CF91A4B4FF4AC
:102CA00000221A65DEE746F4804600238DF80430E2
:102CB00004238DF8053001210DEB030000F05AF9D3
:102CC000114B10221A65D0E746F4004600238DF818
:102CD000043005238DF80530012101A800F04AF9E0
:102CE000094B4FF400621A65C2E786EA05010948FC
:102CF00000F036FE0000115000000B4000370020AD
:102D000028370020D53B0020003011500020115002
:102D100000001050F4F90010F8B504460F46838AFD
:102D2000068B9E4228BF1E469B1B838246F4806210
:102D3000C3787BB14FF40055154383F00103E37072
:102D400063784BB1A38A0BB945F4804507B12D04D4
:102D50002846F8BD0025EFE7E0683246216900EB20
:102D6000871000F0F1FD23693344236145F40045E9
:102D7000E8E70000094B1B6C13F0020F0BD18378BE
:102D8000DB0901D100207047C37E022B01D0002057
:102D90007047012070470020704700BF00001150AD
:102DA00008B5FFF7E7FF40B1054B9B6A054A12687B
:102DB0009B1AA3F54873C62B00D808BD0020FCE77A
:102DC00000000B400037002038B5044683681B68BC
:102DD000084601B11B0CC3F30905627892B913F4DC
:102DE000004F09D1E38A2B44E382238BAB4201D904
:102DF0000023A382284638BD0E4B0F4AE8210F4816
:102E000000F09EFD13F4004F0DD0E1682A4601EB5F
:102E10008011206900F098FDE38A2B44E382236946
:102E20002B442361E1E7064B034AEE21034800F0FF
:102E300087FD00BF14FA0010B41D011034FA001011
:102E400090FA001010B5044683681B680021FFF754
:102E5000BBFF63681B6813F0804F02D0238B834253
:102E600000D010BD01212046FFF7AEFFF9E7002397
:102E700083768382C38203617047000008B50B46E6
:102E800011B1816809680B409AB1134312F4806F45
:102E90000FD08268116811F4806F0DD123F4806126
:102EA0001160074A126C12F0020F02D10C22033A91
:102EB000FDD28268136008BD8178024800F050FDA1
:102EC00000001150B0FA001070B5044643681D6848
:102ED0000021FFF721FF40F48056164B1B6C13F0C6
:102EE000020F13D0A37813F07F0F14D10023A28A0E
:102EF00002B1A3B125F0A04545F0005563681D60FF
:102F0000324600212046FFF7B9FF70BDA378DB09E8
:102F100003D10123EBE70123E9E70023E7E70121E0
:102F20002046FFF7F9FE064325F0005545F0A04581
:102F3000E4E700BF0000115038B50446857E2DB18E
:102F4000FFF780FFA38A2BB9284638BD817808484F
:102F500000F006FD2046FFF723FF054618B10123C8
:102F600023770025F0E72046FFF7AEFFECE700BF30
:102F7000D0FA0010F0B585B005460E464378023B06
:102F8000042B15D8DFE813F005006A003B0046006B
:102F9000FD00874B1A7822F001021A701A7822F08D
:102FA00002021A70002159701A7861F382021A70B5
:102FB000804B1C686369EFF3108272B6D3E8CF0FC1
:102FC00001210028FAD1C3E8401F0028F6D1BFF341
:102FD0005F8FA2612946204600F0A2FC6169A369C7
:102FE0000022C1E88F2F83F31088002800F0CF80E3
:102FF00032466978287800F097FC05B0F0BD6C4B3C
:103000001B7813F0010FF8D0694A137843F00403DA
:103010001370CDE7664B1B7813F0010FEDD0644AB7
:10302000137823F004031370C2E7D21A624B03EB48
:103030004213DB6913B16968287898470134E4B218
:103040005E4B1B782246591CA14209DBA342ECD9F6
:103050005B4B1B6813EB4413EBD1EFE70024EFE766
:10306000534B1B7813F0040F36D1514BDB7813F020
:10307000010FC2D001A9002701974F608F602B7804
:103080008DF8043003238DF805306B680293494BAB
:103090001C686369EFF3108272B6D3E8CF5F01203A
:1030A000002DFAD1C3E8450F002DF6D1BFF35F8F95
:1030B000A261204600F034FC6269A369C2E88F7FF8
:1030C00083F3108800284CD032469DF805109DF8F7
:1030D000040000F029FC90E7354A137823F004033C
:1030E000137001A9002701974F608F602B788DF82E
:1030F000043005238DF805302E4B1C686369EFF30F
:10310000108272B6D3E8CFCF0120BCF1000FF9D105
:10311000C3E84C0FBCF1000FF4D1BFF35F8FA26185
:10312000204600F0FDFB6269A369C2E88F7F83F34C
:10313000108838B132469DF805109DF8040000F063
:10314000F3FB92E740F265121E491F4800F000FCB5
:103150004FF0E023D3F8F03D13F0010F85D000BE0F
:1031600083E740F265121749174800F0F1FB4FF072
:10317000E023D3F8F03D13F0010F3FF43EAF00BE63
:103180003BE7124A13780133DBB2137010E740F2C9
:1031900065120C490C4800F0DBFB4FF0E023D3F83C
:1031A000F03D13F0010F3FF428AF00BE25E700BF4C
:1031B00098260020F02600207C1E0110D43B002021
:1031C000C8240020F81D011030FB0010D63B002061
:1031D0004FF05043FF221A654FF050431B6D13F020
:1031E000010F1CD04FF050439B6D0D4A12689A425C
:1031F000F2D1EFF3108172B64FF05042126D12F01F
:10320000020FF9D04FF05042536540BF00E020BF9D
:10321000034A12689A42FAD081F31088DCE77047BB
:10322000A01B002081F0004102E000BF83F00043BA
:1032300030B54FEA41044FEA430594EA050F08BF51
:1032400090EA020F1FBF54EA000C55EA020C7FEA15
:10325000645C7FEA655C00F0E2804FEA5454D4EB92
:103260005555B8BF6D420CDD2C4480EA020281EA5C
:10327000030382EA000083EA010180EA020281EA94
:103280000303362D88BF30BD11F0004F4FEA0131E6
:103290004FF4801C4CEA113102D0404261EB4101F5
:1032A00013F0004F4FEA03334CEA133302D052427B
:1032B00063EB430394EA050F00F0A780A4F1010437
:1032C000D5F1200E0DDB02FA0EFC22FA05F2801871
:1032D00041F1000103FA0EF2801843FA05F3594157
:1032E0000EE0A5F120050EF1200E012A03FA0EFCD6
:1032F00028BF4CF0020C43FA05F3C01851EBE37100
:1033000001F0004507D54FF0000EDCF1000C7EEB1C
:1033100000006EEB0101B1F5801F1BD3B1F5001F5A
:103320000CD349085FEA30004FEA3C0C04F1010479
:103330004FEA445212F5800F80F09A80BCF1004FA2
:1033400008BF5FEA500C50F1000041EB045141EA24
:10335000050130BD5FEA4C0C404141EB0101013CED
:1033600028BFB1F5801FE9D291F0000F04BF0146DC
:103370000020B1FA81F308BF2033A3F10B03B3F1AE
:1033800020020CDA0C3208DD02F1140CC2F10C023E
:1033900001FA0CF021FA02F10CE002F11402D8BF9C
:1033A000C2F1200C01FA02F120FA0CFCDCBF41EA68
:1033B0000C019040E41AA2BF01EB0451294330BD37
:1033C0006FEA04041F3C1CDA0C340EDC04F1140414
:1033D000C4F1200220FA04F001FA02F340EA0300EB
:1033E00021FA04F345EA030130BDC4F10C04C4F131
:1033F000200220FA02F001FA04F340EA0300294611
:1034000030BD21FA04F0294630BD94F0000F83F45A
:10341000801306BF81F480110134013D4EE77FEA3D
:10342000645C18BF7FEA655C29D094EA050F08BF89
:1034300090EA020F05D054EA000C04BF194610466A
:1034400030BD91EA030F1EBF0021002030BD5FEAAE
:10345000545C05D14000494128BF41F0004130BDD6
:1034600014F580043CBF01F5801130BD01F000452A
:1034700045F0FE4141F470014FF0000030BD7FEA9D
:10348000645C1ABF194610467FEA655C1CBF0B4698
:10349000024650EA013406BF52EA033591EA030FAF
:1034A00041F4002130BD00BF90F0000F04BF0021A7
:1034B000704730B54FF4806404F132044FF00005DA
:1034C0004FF0000150E700BF90F0000F04BF002153
:1034D000704730B54FF4806404F1320410F00045B9
:1034E00048BF40424FF000013EE700BF42004FEAB4
:1034F000E2014FEA31014FEA02701FBF12F07F4331
:1035000093F07F4F81F06051704732F07F4208BFE7
:10351000704793F07F4F04BF41F40021704730B5EE
:103520004FF4607401F0004521F000411CE700BF3A
:1035300050EA010208BF704730B54FF000050AE0BD
:1035400050EA010208BF704730B511F0004502D5BE
:10355000404261EB41014FF4806404F132045FEAC0
:10356000915C3FF4D8AE4FF003025FEADC0C18BF69
:1035700003325FEADC0C18BF033202EBDC02C2F15B
:10358000200300FA03FC20FA02F001FA03FE40EAED
:103590000E0021FA02F11444BDE600BF53B94AB946
:1035A000002908BF00281CBF4FF0FF314FF0FF304B
:1035B00000F0B2B9ADF1080C6DE904CE00F006F8E8
:1035C000DDF804E0DDE9022304B070472DE9F04F97
:1035D0008C46099E04460F46002B48D18A42154668
:1035E0005ED9B2FA82F33BB1C3F120029F409D4005
:1035F0009C4020FA02F217434FEA154E1FFA85FC51
:10360000220CB7FBFEF10EFB117701FB0CF042EA36
:103610000742904207D9AA1801F1FF3702D290421F
:1036200000F258813946121AA4B2B2FBFEF00EFB2A
:10363000102200FB0CFC44EA0244A4450BD92C19CF
:1036400000F1FF322CBF01270027A44502D9002F2B
:1036500000F04381104640EA0140A4EB0C04002135
:103660001EB1DC400023C6E90043BDE8F08F8B4269
:1036700006D90EB1C6E9000100210846BDE8F08F69
:10368000B3FA83F1002951D16345C0F0168182421B
:1036900040F213810846002EE7D0C6E90047E4E770
:1036A000002A00F0AF80B2FA82F3002B40F0C28013
:1036B0008A1A4FEA154EAFB20121200CB2FBFEFC74
:1036C0000EFB1C2240EA024207FB0CF090420ED98E
:1036D000AA180CF1FF382CBF4FF001094FF0000978
:1036E000904203D9B9F1000F00F0F080C446121ADD
:1036F000A4B2B2FBFEF00EFB102200FB07F744EA77
:103700000244A7420ED92C1900F1FF322CBF4FF012
:10371000010E4FF0000EA74203D9BEF1000F00F0DA
:10372000D2801046E41B40EA0C4099E7C1F1200525
:103730008B400CFA01F400FA01F922FA05F72CFA91
:1037400005FC8A401F4320FA05F3380C23431FFA77
:1037500087FE1C0CBCFBF0F800FB18CC44EA0C44C0
:1037600008FB0EFCA4450ED93C1908F1FF3A2CBF0A
:103770004FF0010B4FF0000BA44503D9BBF1000F34
:1037800000F0B880D046A4EB0C041FFA83FCB4FB15
:10379000F0F300FB134403FB0EFE4CEA0444A64581
:1037A0000ED93C1903F1FF302CBF4FF0010C4FF044
:1037B000000CA64503D9BCF1000F00F09F80034622
:1037C00043EA0840A4EB0E04A0FB02EC64457346F8
:1037D000E04602D307D1F14505D2BEEB02036CEB04
:1037E000070C0138E0465EB1B9EB030264EB080454
:1037F00004FA05F522FA01F3CC401D43C6E9005452
:10380000002132E742082F464B08AC4642EAC1721B
:10381000AE46C407110C92B241EA034142EA0142AA
:10382000B1FBF5F1B3FBF5F01F23A2EB0C0241EA6B
:10383000004142E79D40C3F1200299409C402CFA90
:1038400002FC4FEA154E20FA02F2AFB2BCFBFEF8C2
:103850000A430EFB18CC110C41EA0C4108FB07FC93
:103860008C4550D9691808F1FF302CBF4FF0010981
:103870004FF000098C4502D9B9F1000F30D0A1EB0F
:103880000C01B1FBFEF808FB07FC0EFB181192B20D
:1038900042EA0142624534D2AA1808F1FF312CBF36
:1038A0004FF001094FF000096245BED2B9F1000F97
:1038B000BBD1A8F102012A44B7E7841A6CEB0302DA
:1038C00001201746E7E62C4402382BE7ACF1020C46
:1038D0002A440CE702392A44A5E62C440238BAE609
:1038E000A5EB0C0CA8F102006144B1FBFEF808FB4B
:1038F00007FCCAE7A8F102083C4444E7023B3C4409
:103900005EE7414691E7A1EB0C014046B1FBFEF8B2
:1039100008FB07FCB9E700BF704700BF00000000CC
:103920005FF800F03DC300105FF800F0DDA100106B
:103930005FF800F09D6E00105FF800F0017100105C
:103940005FF800F0459200105FF800F0AD9E0010A7
:103950005FF800F00D9500105FF800F039E10010FD
:103960005FF800F0115D00100100000001FF000190
:10397000800101FF0101000001FF01014F0201FF71
:103980000E01000301018401020A0103030104087E
:103990000105C801060301078D0108080109C601D8
:1039A0000A01010B02010C00010DD5010E18010FD7
:1039B000120110010111820112000113D501141826
:1039C00001151301160301178601180A01190901CF
:1039D0001A08011BC2011C03011D8F011E0A011FD1
:1039E000060120010121020122000123D501241832
:1039F0000125220126010127820128000129D50184
:103A00002A18012B0B012C28012D78012E28012FBB
:103A10009101300001310B01320001330B01340000
:103A20000135A10136000137A00138000139040138
:103A30003A28013B30013C0C013D04013E0F013F9F
:103A40007901402801411E01422F014387014400B2
:103A500001450B01460001470B0148000149A70140
:103A60004A00014BA6014C00014D04014E01014FDB
:103A70000001500001518001520901530801540115
:103A800001550001560F01577901580901590501E7
:103A90005A00015B60015C05015DD1015E0C015FB4
:103AA0003C0160000161D001620B016303016428E5
:103AB00001651001662A01673901680B016902017D
:103AC0006A28016B10016C2A016D61016E0C016F97
:103AD0000001700F01717901720001730B01740014
:103AE00001750B0176000177A10178000179A00131
:103AF0007A00017B0401FF0401791D017B270196F7
:103B00000E0197FE0198030199EF019A02019B446F
:103B100001730701700101FF0101000101FF0000B5
:103B20000000000001FF0101000001FF0001090089
:103B30000110000111000124010125FF01750001A0
:103B4000FF01014E2C01480001302001FF0001302F
:103B5000090154000131040132030140830146256B
:103B60000160000127000150060151000152960139
:103B700056080157300161000162000164000165CF
:103B8000000166A001FF010122320147140149FF33
:103B9000014A0001FF00017A0A017B00017821013E
:103BA000FF010123340142000144FF014526014683
:103BB00005014040010E0601201A01434001FF00AB
:103BC00001340301354401FF01013104014B0901B6
:103BD0004C05014D0401FF0001440001452001474F
:103BE000080148280167000170040171010172FE9B
:103BF00001760001770001FF01010D0101FF0001C5
:103C000080010101F801FF01018E0101000101FFA6
:103C100000018000000000000A0000000500000014
:103C2000000000000500000010000000000000007F
:103C30000000010000000000000000000000020081
:103C40000000000000000000000003000000000071
:103C5000000000000000FF000000000001B54868FF
:103C600001318E460047704609380149884701BD39
:103C70009964001000000000000000000000000037
:103C80000000000000000000B0210020917700102B
:103C900015770010C176001071990010359600104C
:103CA000E5980010219600100000000000010000BF
:103CB000F426002010000C000000000000000000AE
:103CC000000000000000000000000000FF000000F5
:103CD0001E83A8730000000035CE00100000000015
:103CE00000000000000000000000000089CD00106E
:103CF00000000000000000000000000000000000C4
:103D000000800940000000000000094000000000A1
:103D1000FFFFFFFF000002000000000000000000A5
:103D2000E81B0020E81B0020F01B0020F01B0020F7
:103D3000F81B0020F81B0020001C0020001C0020A5
:103D4000081C0020081C0020101C0020101C002053
:103D5000181C0020181C0020201C0020201C002003
:103D6000281C0020281C0020301C0020301C0020B3
:103D7000381C0020381C0020401C0020401C002063
:103D8000481C0020481C0020501C0020501C002013
:103D9000581C0020581C0020601C0020601C0020C3
:103DA000681C0020681C0020701C0020701C002073
:103DB000781C0020781C0020801C0020801C002023
:103DC000881C0020881C0020901C0020901C0020D3
:103DD000981C0020981C0020A01C0020A01C002083
:103DE000A81C0020A81C0020B01C0020B01C002033
:103DF000B81C0020B81C0020C01C0020C01C0020E3
:103E0000C81C0020C81C0020D01C0020D01C002092
:103E1000D81C0020D81C0020E01C0020E01C002042
:103E2000E81C0020E81C0020F01C0020F01C0020F2
:103E3000F81C0020F81C0020001D0020001D0020A0
:103E4000081D0020081D0020101D0020101D00204E
:103E5000181D0020181D0020201D0020201D0020FE
:103E6000281D0020281D0020301D0020301D0020AE
:103E7000381D0020381D0020401D0020401D00205E
:103E8000481D0020481D0020501D0020501D00200E
:103E9000581D0020581D0020601D0020601D0020BE
:103EA000681D0020681D0020701D0020701D00206E
:103EB000781D0020781D0020801D0020801D00201E
:103EC000881D0020881D0020901D0020901D0020CE
:103ED000981D0020981D0020A01D0020A01D00207E
:103EE000A81D0020A81D0020B01D0020B01D00202E
:103EF000B81D0020B81D0020C01D0020C01D0020DE
:103F0000C81D0020C81D0020D01D0020D01D00208D
:103F1000D81D0020D81D0020E01D0020E01D00203D
:103F2000E81D0020E81D0020F01D0020F01D0020ED
:103F3000F81D0020F81D0020001E0020001E00209B
:103F4000081E0020081E0020101E0020101E002049
:103F5000181E0020181E0020201E0020201E0020F9
:103F6000281E0020281E0020301E0020301E0020A9
:103F7000381E0020381E0020401E0020401E002059
:103F8000481E0020481E0020501E0020501E002009
:103F9000581E0020581E0020601E0020601E0020B9
:103FA000681E0020681E0020701E0020701E002069
:103FB000781E0020781E0020801E0020801E002019
:103FC000881E0020881E0020901E0020901E0020C9
:103FD000981E0020981E0020A01E0020A01E002079
:103FE000A81E0020A81E0020B01E0020B01E002029
:103FF000B81E0020B81E0020C01E0020C01E0020D9
:10400000C81E0020C81E0020D01E0020D01E002088
:10401000D81E0020D81E0020E01E0020E01E002038
:10402000E81E0020E81E0020F01E0020F01E0020E8
:10403000F81E0020F81E0020001F0020001F002096
:10404000081F0020081F0020101F0020101F002044
:10405000181F0020181F0020201F0020201F0020F4
:10406000281F0020281F0020301F0020301F0020A4
:10407000381F0020381F0020401F0020401F002054
:10408000481F0020481F0020501F0020501F002004
:10409000581F0020581F0020601F0020601F0020B4
:1040A000681F0020681F0020701F0020701F002064
:1040B000781F0020781F0020801F0020801F002014
:1040C000881F0020881F0020901F0020901F0020C4
:1040D000981F0020981F0020A01F0020A01F002074
:1040E000A81F0020A81F0020B01F0020B01F002024
:1040F000B81F0020B81F0020C01F0020C01F0020D4
:10410000C81F0020C81F0020D01F0020D01F002083
:10411000D81F0020D81F0020E01F0020E01F002033
:10412000F81F002000000000000000009023002085
:10413000F8230020602400200000000000000000A0
:10414000000000000000000000000000000000006F
:10415000000000000000000000000000000000005F
:10416000000000000000000000000000000000004F
:10417000000000000000000000000000000000003F
:10418000000000000000000000000000000000002F
:10419000000000000000000000000000000000001F
:1041A000000000000000000000000000000000000F
:1041B00000000000000000000000000000000000FF
:1041C00001000000000000000E33CDAB34126DE69C
:1041D000ECDE05000B000000000000000000000005
:1041E00000000000000000000000000000000000CF
:1041F00000000000000000000000000000000000BF
:1042000000000000000000000000000000000000AE
:10421000000000000000000000000000000000009E
:10422000000000000000000000000000000000008E
:10423000000000000000000000000000000000007E
:10424000000000000000000000000000000000006E
:10425000000000000000000000000000000000005E
:10426000000000000000000000000000000000004E
:08427000000000000000000046
:10427800D3DEFFFFFE010000FF010000C0BEFEFF0D
:04428800793512ABC7
:040000051000014D99
:00000001FF
